"","INDEX","Sample.id","lat","lon","ref_6","bio4","ai_et0","contrast","ref_4","shannon","bio5","bio17","silt2_1","sand2_1","shannon_species","shannon.red"
"1","-12.93256 135.20189","SRR5919103",-12.93256,135.20189,0.591415,-1.4185278,-0.26427722,0.5813166,-0.95564014,0.559011,0.99412817,-0.5115807,-1.4262125,1.398548,1.57333402,1.57333402
"2","-13.40822 135.77629","SRR5918955",-13.40822,135.77629,0.6362653,-1.3517898,-0.3402344,-0.41471604,-0.9492258,-0.3247843,1.0366646,-0.48948205,-1.4974426,1.375179,0.811964649,0.811964649
"3","-13.52115 134.50615","SRR5919101",-13.52115,134.50615,0.61350405,-1.3068266,-0.38708296,-0.39654377,-0.9509176,-0.07570843,1.0974748,-0.5336794,-1.4824382,0.93918914,1.259996363,1.259996363
"4","-13.74768 141.50618","SRR5916120",-13.74768,141.50618,-0.120062016,-1.5189042,-0.09787107,3.3472662,-0.8523395,1.1554279,0.97385794,-0.54472876,-1.4849107,0.92491084,2.688789297,2.688789297
"5","-13.84394 141.61639","SRR5916035",-13.84394,141.61639,0.39613378,-1.4935886,-0.109614454,-0.1455776,-0.9579755,0.31128308,1.0074222,-0.5336794,-1.3468084,0.9730354,0.417001342,0.417001342
"6","-14.195246 135.71916","SRR5919096",-14.195246,135.71916,0.7739052,-1.2599012,-0.4480486,-0.47391406,-0.94458824,-0.5251879,1.0673331,-0.5226301,-1.7379167,1.6656388,1.760028235,1.760028235
"7","-16.10341667 145.4478833","SRR5918916",-16.10341667,145.4478833,-0.28877237,-1.4250569,1.5886778,-0.24312362,-1.0018891,0.6629321,0.74677134,1.7757804,-0.34051472,-0.54467857,1.846987815,1.846987815
"8","-17.12108333 145.6308833","SRR5918921",-17.12108333,145.6308833,-0.3658026,-1.3126278,0.6597017,-0.3979764,-1.0337613,0.068245664,0.62958413,1.2744664,-0.7418333,-0.5051039,3.664297237,3.664297237
"9","-19.28 -43.5919","SRR7091522",-19.28,-43.5919,0.8198082,-1.4687119,0.44107497,-0.33979347,-0.95328015,0.100108854,0.58609337,-0.23534718,-0.32763934,-0.025071744,2.127472422,1.7140346265
"10","-19.733 147.178","SRR1924237",-19.733,147.178,0.5815533,-1.1635056,-0.38920677,1.7844222,-0.91261244,1.3313603,0.86420417,-0.06250391,-1.119982,0.7644512,4.767878343,2.81509704
"11","-21.2 55.53","SRR5195129",-21.2,55.53,0.004861767,-1.3765779,0.54201806,-0.10109572,-0.98807496,0.6672383,0.45477644,1.3774358,-0.39381862,-0.41250634,4.806503357,4.806503357
"12","-21.34 55.56","SRR5195127",-21.34,55.56,0.013998834,-1.412912,0.03767748,0.34592503,-0.951514,0.85134506,0.650304,1.1859139,-0.777445,-0.13914809,4.862428983,4.862428983
"13","-21.35 55.57","SRR5195126",-21.35,55.57,0.033822738,-1.4140683,0.011317348,0.27243593,-0.92689973,0.883045,0.6745667,1.1266683,-0.8070434,-0.033768255,3.589937632,3.589937632
"14","-22.282754 133.249341","SRR5919098",-22.282754,133.249341,0.89225954,-0.65557027,-0.7973516,-0.5243055,-0.98584044,-1.5475307,1.0423244,-0.3438938,-2.3564432,2.3310144,1.578907254,1.578907254
"15","-24.36 30.72","SRR5195118",-24.36,30.72,0.43001583,-1.2078133,-0.52488023,-0.18382801,-0.97188073,0.5531894,0.82965285,-0.37346396,-1.5169301,1.312691,5.126568796,5.126568796
"16","-25.025508 152.379908","SRR3592108",-25.025508,152.379908,0.46358243,-1.1128787,-0.26914948,1.4923089,-0.95111483,0.9433415,0.7572595,0.69555986,-0.76304317,1.0727074,2.601913952,2.32651247175
"17","-25.2875 130.92864","SRR5918970",-25.2875,130.92864,1.0611476,-0.5212322,-0.8227123,-0.51952636,-0.95926505,-1.2292778,1.1246554,-0.18404667,-1.6020206,1.5473595,2.283656441,2.283656441
"18","-25.3118 131.084","SRR5918989",-25.3118,131.084,1.2049928,-0.5219308,-0.81821483,-0.52670324,-0.9544565,-1.7937648,1.1292621,-0.16194798,-1.6366949,1.3171061,2.623434201,2.623434201
"19","-25.3119 131.085","SRR5918988",-25.3119,131.085,1.2049928,-0.5219308,-0.81821483,-0.52670324,-0.9544565,-1.7937648,1.1292621,-0.16194798,-1.6366949,1.3171061,1.487575863,1.487575863
"20","-25.3504 131.0516","SRR5919197",-25.3504,131.0516,0.82866347,-0.5311625,-0.8198389,-0.4797473,-0.9501782,-0.71624434,1.1172025,-0.1593277,-1.668043,1.4560694,2.448679203,2.7790567818
"21","-25.351 131.041","SRR5919108",-25.351,131.041,0.7627193,-0.53266174,-0.8212131,-0.38481995,-0.9437,-0.26934138,1.1142951,-0.17450212,-1.6520296,1.6111736,3.161665906,2.99596833066667
"22","-25.351 131.0423","SRR5918911",-25.351,131.0423,0.7627193,-0.53266174,-0.8212131,-0.38481995,-0.9437,-0.26934138,1.1142951,-0.17450212,-1.6520296,1.6111736,2.887759636,2.7431537935
"23","-25.44 30.99","SRR5195116",-25.44,30.99,0.24474198,-1.1740727,-0.4547948,-0.19673438,-0.98487705,0.5810531,0.7732043,-0.25479403,-1.8752946,1.4232109,5.032844451,5.032844451
"24","-25.59 151.3","SRR5195143",-25.59,151.3,0.5819452,-0.9134607,-0.5237559,0.11243978,-0.92822766,0.9257447,0.8711971,0.3449642,-1.5073287,1.0413936,3.539392313,4.260573337
"25","-25.77 27.61","SRR5195117",-25.77,27.61,0.584617,-1.0155188,-0.53300065,0.032210473,-0.9414364,0.7342887,0.6745009,-0.39911422,-1.5911069,1.5477782,5.163595175,5.163595175
"26","-26.240738 -54.1545975","SRR5195137",-26.240738,-54.1545975,-0.27301162,-1.1174787,0.58761734,-0.4945777,-1.0674206,-0.6859416,0.7525042,3.4209046,0.19804125,-2.0315611,4.392654132,4.243164495
"27","-27.386111 152.878872","SRR5919099",-27.386111,152.878872,0.39140394,-1.0808429,-0.09537248,0.17211269,-0.97728086,0.8397653,0.7032937,0.83249277,-0.7646173,0.4420096,0.879213603,0.7926962445
"28","-27.632688 153.083025","SRR5919215",-27.632688,153.083025,-0.20665576,-1.0563658,-0.07538375,-0.47592995,-1.0474627,-0.6989337,0.7422872,0.89597017,-0.30658144,-0.33524352,0.816972519,0.816972519
"29","-28.05051667 120.5461667","SRR5919227",-28.05051667,120.5461667,1.5480998,-0.537319,-0.8383285,-0.5178405,-0.9061471,-1.170355,1.0666091,-0.23534718,-2.113669,2.1152172,2.174863829,2.174863829
"30","-29.00203333 134.6857167","SRR5919221",-29.00203333,134.6857167,2.084085,-0.63344,-0.8785558,-0.45274097,-0.7016519,-0.35355067,1.0079486,-0.20219916,-1.3600861,1.6965696,2.671050317,2.671050317
"31","-30.20066902 149.597249","SRR5919346",-30.20066902,149.597249,0.35113657,-0.6916112,-0.57610136,2.8763914,-0.9451082,1.5692431,0.89891994,0.690735,-0.8887094,-1.3097373,4.136706069,4.12854633966667
"32","-30.77565 138.7976","SRR5919245",-30.77565,138.7976,0.029016187,-0.607381,-0.7634957,-0.49390462,-1.0133557,-0.6077833,0.76102185,0.33774537,-1.6278815,1.3876411,1.003265418,1.003265418
"33","-31.32774 138.5673","SRR5919246",-31.32774,138.5673,0.40890428,-0.6176076,-0.7908552,-0.38128746,-0.9462753,0.08678347,0.87177247,0.22043817,-1.787274,1.5194377,1.605249935,1.605249935
"34","-31.40915 130.9936833","SRR5919159",-31.40915,130.9936833,1.516095,-1.0676879,-0.8277095,-0.5248452,-0.85432434,-1.4875962,0.704286,-0.19114982,-2.1051128,1.8836433,3.091065696,3.091065696
"35","-31.86331667 126.9831","SRR5918978",-31.86331667,126.9831,1.2751256,-1.0525023,-0.8172154,-0.5184428,-0.8916785,-1.3571175,0.7468942,-0.06960705,-1.8354638,1.6098502,2.8728779,2.8728779
"36","-32.32096 137.9544","SRR5919343",-32.32096,137.9544,0.10286729,-0.7579436,-0.67629486,-0.14987637,-0.9957357,0.62448835,0.74029106,0.2847085,-1.7098331,1.7511605,1.54506692,1.54506692
"37","-33.60897 150.7254","SRR5923059",-33.60897,150.7254,0.38548946,-0.9723617,-0.30150622,0.38905612,-0.9680718,0.8585167,0.6999043,0.8961054,-1.3534853,1.7868623,1.099662106,1.099662106
"38","-33.62075 150.73423","SRR5923187",-33.62075,150.73423,0.09974371,-0.96678275,-0.3056289,-0.15272918,-0.9968998,0.6552271,0.6976996,0.89523727,-1.2154652,1.6658429,1.084330613,1.084330613
"39","-33.652613 150.267756","SRR5918913",-33.652613,150.267756,-0.49182656,-0.9413662,0.21907517,-0.0949861,-1.0816691,0.6555925,0.4486778,1.7773695,-1.5401944,1.7537202,1.842756069,1.842756069
"40","-33.652818 150.268179","SRR5919249",-33.652818,150.268179,-0.49182656,-0.9413662,0.21907517,-0.0949861,-1.0816691,0.6555925,0.4486778,1.7773695,-1.5401944,1.7537202,1.893101194,1.893101194
"41","-33.652974 150.267825","SRR5918914",-33.652974,150.267825,-0.49182656,-0.9413662,0.21907517,-0.0949861,-1.0816691,0.6555925,0.4486778,1.7773695,-1.5401944,1.7537202,1.240468042,1.240468042
"42","-33.659823 150.265414","SRR5919014",-33.659823,150.265414,-0.49182656,-0.9413662,0.21907517,-0.0949861,-1.0816691,0.6555925,0.4486778,1.7773695,-1.5401944,1.7537202,1.344729141,1.332595511
"43","-34.03715 140.7064","SRR5918944",-34.03715,140.7064,1.1470681,-0.78796047,-0.79897565,-0.101805866,-0.92610246,0.6490314,0.9029347,-0.03282853,-1.9198574,2.0007813,2.933213856,2.933213856
"44","-34.18 142.15","SRR5195147",-34.18,142.15,0.61864686,-0.78069746,-0.7689926,0.2758045,-0.8420078,0.68875444,0.8412687,0.09708014,-2.1076562,1.5783983,3.878990818,4.41825238
"45","-34.233 138.309","ERR436053",-34.233,138.309,1.1439657,-0.9097759,-0.7360112,1.1485947,-0.86498094,0.899805,0.83903104,-0.06960705,-1.7220335,1.4818673,1.093383411,1.093383411
"46","-34.255 138.318","ERR436055",-34.255,138.318,1.1425388,-0.9117325,-0.7335126,0.8940103,-0.8532241,0.9396172,0.8344241,-0.06597655,-1.8259872,1.6398351,2.104165698,2.10521618833333
"47","-34.93343 138.727","SRR5919342",-34.93343,138.727,-0.16839911,-1.0730532,-0.10086938,0.18991925,-1.0298854,0.73507917,0.53382766,0.5428422,-1.262699,1.7988292,0.880722612,0.880722612
"48","-35.11641 141.97633","SRR5918996",-35.11641,141.97633,1.5783529,-0.80584747,-0.73838484,-0.23964112,-0.8490179,0.12838322,0.8344241,0.15137978,-2.0126576,1.767085,4.159408307,4.18755654275
"49","-35.12282 141.99678","SRR5918992",-35.12282,141.99678,1.4851577,-0.8070167,-0.73688567,0.38145614,-0.84361,0.95746505,0.82951015,0.15137978,-1.9838107,1.5640361,3.963629762,4.00115313533333
"50","-35.14969942 150.686346","SRR5919168",-35.14969942,150.686346,-0.62544864,-1.1954228,0.08202747,0.36915547,-1.0773623,1.0357596,0.48399693,1.9504231,-1.2930417,1.6735004,2.601378817,2.601378817
"51","-35.15304021 150.7352711","SRR5918986",-35.15304021,150.7352711,-0.6228507,-1.2397408,0.10901225,-0.24315508,-1.0773985,0.43982404,0.4610724,2.1049035,-1.2470039,1.5618122,1.201955922,1.201955922
"52","-35.1630042 150.6731254","SRR5919288",-35.1630042,150.6731254,-0.7618803,-1.2107618,0.0766555,1.0306166,-0.98078054,0.959605,0.47969726,1.9027005,-1.4437894,1.1246421,0.680009493,0.680009493
"53","-36.67146 142.28934","SRR5918993",-36.67146,142.28934,0.82279944,-0.9026725,-0.6173281,0.72067225,-0.9261049,0.9782715,0.7238599,0.23977453,-1.5546889,1.6146141,4.52149675,4.80970270833333
"54","-36.673214 145.029247","SRR5919105",-36.673214,145.029247,0.008714101,-0.83060014,-0.5055162,-0.04489403,-1.052493,0.07313759,0.7227082,0.6099275,-0.8051736,1.2043077,0.595212616,0.595212616
"55","-37.17 146.22","SRR5195145",-37.17,146.22,0.4558729,-0.88969296,0.17485012,0.7849162,-0.97021675,1.0801436,0.5983234,1.3916684,-0.52648145,0.36996508,4.982871379,5.0578180805
"56","-37.25205 144.05391","SRR5918958",-37.25205,144.05391,0.43718007,-0.9652818,-0.37459,0.8302855,-0.9730808,0.61283684,0.58809114,0.675315,-0.9568124,1.400431,1.048889508,1.048889508
"57","-41.58365 145.09314","SRR5916285",-41.58365,145.09314,-0.596791,-1.311379,1.0519805,-0.4165017,-1.0779335,-0.20091787,0.2927911,2.3164196,-0.58623135,-0.3291425,2.099962081,2.099962081
"58","-41.65563 145.08186","SRR5916164",-41.65563,145.08186,-0.79606843,-1.3303312,0.73353505,0.002394763,-1.0941347,0.6443879,0.3101874,2.0439744,-0.4626915,-0.027653685,1.343251344,1.343251344
"59","-42.24227 147.45971","SRR5915956",-42.24227,147.45971,0.71263605,-1.0992998,-0.41056973,0.17611012,-0.9522026,0.5289025,0.42453796,0.6313632,-1.6302047,1.7680426,2.32207294,2.32207294
"60","-42.27154 146.8927","SRR5916093",-42.27154,146.8927,0.41951773,-1.103638,-0.12860374,2.2377408,-0.9782876,1.3662635,0.3901709,0.99702287,-0.92902976,1.110564,1.523420018,1.40860845433333
"61","-42.27904 147.61451","SRR5916217",-42.27904,147.61451,0.5512168,-1.1345018,-0.32736665,1.3086197,-0.95671993,1.1494763,0.38361168,0.77961373,-1.6101176,1.8726227,2.574895042,2.574895042
"62","-42.28444 147.40152","SRR5916310",-42.28444,147.40152,0.31886777,-1.1157976,-0.3123751,1.4274225,-0.9976589,1.1827656,0.38330457,0.77087957,-1.4208744,1.7161455,1.092919448,1.092919448
"63","-42.32849 147.39757","SRR5916425",-42.32849,147.39757,0.64229953,-1.1143491,-0.36259678,1.3889235,-0.9701827,1.1257927,0.39738834,0.7248406,-1.5099725,1.6272122,1.779800408,1.779800408
"64","-42.38433 147.31092","SRR5916294",-42.38433,147.31092,0.54862857,-1.1224455,-0.35322705,2.978015,-0.9589912,1.3911878,0.3911095,0.75503457,-1.6297544,1.8128644,2.882523736,2.882523736
"65","-42.38459 147.31059","SRR5915952",-42.38459,147.31059,0.54862857,-1.1224455,-0.35322705,2.978015,-0.9589912,1.3911878,0.3911095,0.75503457,-1.6297544,1.8128644,2.576981297,2.576981297
"66","-42.38784 147.04742","SRR5916175",-42.38784,147.04742,0.27071962,-1.1032813,-0.29026258,2.2115521,-1.0000043,0.8461575,0.41489428,0.81260395,-1.5766972,1.7243699,1.245029761,1.245029761
"67","-42.40422 147.40767","SRR5916420",-42.40422,147.40767,0.3871256,-1.1537358,-0.26902455,0.8096072,-0.9746408,0.86634773,0.34548455,0.8770515,-2.1555367,2.679638,1.86077318,1.86077318
"68","-42.61742 147.42263","SRR5915997",-42.61742,147.42263,0.5444941,-1.1693226,-0.38908184,0.8423201,-0.9631307,1.0619185,0.41454327,0.74607116,-1.3495967,1.2846354,2.863719085,2.863719085
"69","-42.61778 147.42226","SRR5916140",-42.61778,147.42226,0.5444941,-1.1693226,-0.38908184,0.8423201,-0.9631307,1.0619185,0.41454327,0.74607116,-1.3495967,1.2846354,3.176412532,3.176412532
"70","-42.8072 147.43977","SRR5916354",-42.8072,147.43977,0.4738765,-1.1746094,-0.41656634,1.6277398,-0.9565066,1.2894444,0.42215556,0.6583867,-1.519125,1.8466433,2.304115182,2.304115182
"71","-42.80744 147.4391","SRR5916184",-42.80744,147.4391,0.4738765,-1.1746094,-0.41656634,1.6277398,-0.9565066,1.2894444,0.42215556,0.6583867,-1.519125,1.8466433,1.503660892,1.503660892
"72","-42.8223 147.50573","SRR5916087",-42.8223,147.50573,-0.18564562,-1.1987065,-0.44205198,2.4827125,-0.98973143,0.91628134,0.38470098,0.5864952,-1.5292598,1.0105193,0.691181209,0.691181209
"73","-43.09507123 146.6542886","SRR5918954",-43.09507123,146.6542886,-0.9552707,-1.2495922,0.7252897,-0.25248396,-1.1041079,-0.18649188,0.25660312,2.0999928,-0.86168516,0.23870336,0.114632927,0.114632927
"74","10 76.3","SRR1955040",10,76.3,0.118252784,-1.6719114,1.208892,-0.11112183,-0.93505317,0.90116507,0.90395695,0.14249122,-2.8940208,-3.14773,3.121246336,3.121246336
"75","18 -65","SRR3972293",18,-65,NA,NA,NA,NA,NA,NA,NA,NA,-2.8940208,-3.14773,3.399627071,2.73587289816438
"76","18.33722222 109.4611111","S155",18.33722222,109.4611111,0.3360753,-1.2890416,0.08490085,-0.005943717,-0.9615695,0.56960976,0.8377148,0.24231136,-0.37204176,0.46170244,3.413659962,3.413659962
"77","19.16075 110.452374","S394",19.16075,110.452374,0.052978378,-1.1422453,0.3903536,0.13485025,-0.96228164,0.6977404,0.861473,0.3621065,-0.06160095,0.31385106,3.530726694,3.530726694
"78","20.02 -110.35","SRR1379730",20.02,-110.35,NA,NA,NA,NA,NA,NA,NA,NA,-2.8940208,-3.14773,2.043138995,2.043138995
"79","20.03444444 110.3377778","S145",20.03444444,110.3377778,-0.21196531,-1.0158602,0.39772442,0.17919835,-0.8778395,0.52381945,0.8729242,0.41577476,-1.1923889,-1.1092167,3.349323893,3.349323893
"80","21.5416 -158.0875","SRR8100014",21.5416,-158.0875,0.016015742,-1.5682101,-0.1593364,0.14336602,-0.95858395,0.63491553,0.7307921,0.9970755,0.09259221,-0.54850096,3.604447655,3.595687655625
"81","22.3675 113.5805556","S108",22.3675,113.5805556,-0.13171323,-0.75334275,0.80461997,2.400996,-0.93910533,1.4008838,0.8268558,0.5355699,-0.8632067,-0.45125183,4.395229432,4.395229432
"82","22.43416667 113.5175","S107",22.43416667,113.5175,-0.14680125,-0.74523574,0.80761826,-0.014889101,-0.9677916,0.4972039,0.81921685,0.5732842,0.07801971,-0.20804615,2.230044556,2.230044556
"83","22.86527778 108.3375","S125",22.86527778,108.3375,-0.030967912,-0.62583846,0.35937107,0.6454351,-0.93519646,0.97512215,0.86042,0.69279754,0.20426184,-1.4316642,4.77598743,4.77598743
"84","22.88888889 108.3725","S127",22.88888889,108.3725,0.00748488,-0.6187232,0.32089275,-0.049933847,-0.94659007,0.66433036,0.8528515,0.70147914,0.96279967,-1.1459041,4.431419834,4.431419834
"85","22.92444444 108.5405556","S126",22.92444444,108.5405556,0.33162576,-0.60120815,0.36574247,0.088944614,-0.93909466,0.6377567,0.8566907,0.74657106,0.77199715,-0.8481966,4.77598743,4.77598743
"86","22.92611111 108.3730556","S128",22.92611111,108.3730556,0.016946306,-0.61663944,0.32713923,-0.07335968,-0.9315623,0.4957308,0.83903104,0.7314703,0.9488308,-1.2097405,2.944401309,2.944401309
"87","22.97777778 108.5777778","S122",22.97777778,108.5777778,0.10659658,-0.60354644,0.38548133,-0.37861356,-0.9780204,0.21096957,0.8355759,0.7508066,0.6394379,-0.9293105,3.990346275,3.990346275
"88","23.07 108.18","SRR5195133",23.07,108.18,0.03662401,-0.6329534,0.42058653,-0.14292039,-0.972422,0.4902854,0.85179377,0.826799,0.61335564,-1.3301556,4.728842143,4.728842143
"89","23.21 109","SRR6241674",23.21,109,0.14464302,-0.5608238,0.4060947,-0.06318695,-0.9733247,0.8112127,0.86206526,0.7811923,0.8025215,-1.186445,3.511197451,3.511197451
"90","23.619323 116.87216","SRR5133178",23.619323,116.87216,0.004626047,-0.7157402,0.38910428,1.4595588,-0.90874094,1.3064348,0.8143514,0.49035785,-1.571667,-1.715336,4.328470098,4.328470098
"91","23.621002 116.871869","SRR5133179",23.621002,116.871869,0.048031002,-0.71666056,0.3997233,0.70658875,-0.9027999,1.0855075,0.81023824,0.4939094,0.06593674,-0.10726656,2.13174788,2.13174788
"92","23.622873 116.81516","SRR5177928",23.622873,116.81516,-0.021396248,-0.7207804,0.41946217,-0.057587706,-0.9904993,0.63843626,0.795595,0.5400799,-0.007664733,0.021668278,2.174342669,2.174342669
"93","23.624572 116.811869","SRR5177929",23.624572,116.811869,-0.021396248,-0.7207804,0.41946217,-0.057587706,-0.9904993,0.63843626,0.795595,0.5400799,-0.007664733,0.021668278,3.753131427,3.753131427
"94","23.64 112.82","SRR5195135",23.64,112.82,0.13733962,-0.603698,0.66519856,0.30037665,-0.9539971,0.87345695,0.8882255,0.7259456,0.6084134,-0.40858492,5.293503192,5.07346758
"95","24.10416667 109.0902778","S120",24.10416667,109.0902778,0.07155205,-0.4841518,0.5195307,0.041480515,-0.9924957,0.57715017,0.8246371,0.90209657,1.1182963,-1.0215173,4.770277919,4.770277919
"96","24.20194444 109.3694444","S118",24.20194444,109.3694444,0.10156634,-0.4481309,0.48017794,-0.14260015,-0.9457648,0.8363066,0.87538123,0.96392745,0.98996985,-1.0714226,5.737465747,5.737465747
"97","24.28361111 109.4077778","S121",24.28361111,109.4077778,-0.18074888,-0.44137248,0.5495138,1.5395615,-0.97705686,1.2617792,0.8774433,0.9958653,1.3394032,-1.5431607,3.847963981,3.847963981
"98","24.5283427 110.9169302","SRR2093878",24.5283427,110.9169302,-0.054065894,-0.40822288,0.60835564,-0.22553453,-0.985702,0.2860588,0.8548259,1.1071479,-0.21681221,0.1626255,2.409324211,2.409324211
"99","25.06888889 110.2833333","S114",25.06888889,110.2833333,0.15623745,-0.3275664,0.85621583,0.055506796,-0.9360977,0.5921189,0.8729242,1.3361963,0.50038254,-1.1570785,5.425434556,5.425434556
"100","25.07 110.3058333","S112",25.07,110.3058333,0.089886874,-0.3301081,0.8599637,0.12732472,-0.949185,0.8932965,0.8713886,1.3339224,0.5274891,-1.0208275,4.536552505,4.536552505
"101","25.07333333 110.2930556","S113",25.07333333,110.2930556,0.020402063,-0.32468554,0.85109377,0.16690765,-0.96967477,0.71528924,0.874043,1.3428671,0.50151885,-1.2258043,4.265613336,4.265613336
"102","25.21662222 110.2520361","S109",25.21662222,110.2520361,-0.10087432,-0.31939498,0.8722068,-0.006399283,-0.994177,0.53884757,0.852018,1.350707,0.25293985,-0.92923397,2.662818613,2.662818613
"103","25.46 114.52","SRR5195131",25.46,114.52,0.08200493,-0.32104272,0.5126596,0.7025008,-0.9409636,0.97278315,0.90517217,1.0424303,0.33624366,-1.0800358,4.485802099,4.4924811435
"104","25.57972222 100.335","S329",25.57972222,100.335,0.3665846,-0.9390533,-0.16720697,1.0780414,-0.9316791,1.2995874,0.53892803,0.017209211,0.9750979,-0.8127165,3.327243523,3.327243523
"105","25.58666667 100.32","S328",25.58666667,100.32,0.3801551,-0.93518,-0.17870049,3.1260333,-0.8801512,1.2402467,0.5502807,0.01918229,1.011631,-0.7742441,4.999024446,4.999024446
"106","25.60333333 100.2477778","S331",25.60333333,100.2477778,-0.07597199,-0.93382406,-0.18457218,1.6060122,-0.91025543,1.4769231,0.5334028,0.01824749,-2.039236,-2.4414835,4.9768169,4.9768169
"107","25.68666667 100.3877778","S330",25.68666667,100.3877778,0.112391256,-0.96266234,-0.1444698,-0.15363444,-0.98714525,0.5279698,0.42006686,-0.037079137,0.98301506,-0.68637425,3.86636705,3.86636705
"108","25.8 113.0225","S38",25.8,113.0225,-0.37371227,-0.20906007,0.5267767,-0.15624893,-0.92597675,0.7097221,0.91289407,1.0813662,-2.7522461,-3.06466,5.141545181,5.141545181
"109","25.80444444 107.1847222","S142",25.80444444,107.1847222,0.016055126,-0.4468769,0.46593595,-0.33335096,-0.9997146,0.24995708,0.6371635,0.24640411,0.6184906,-0.6848844,3.653823442,3.653823442
"110","25.805 107.1752778","S140",25.805,107.1752778,-0.050860714,-0.44507933,0.4533181,-0.3838049,-1.004361,-0.10444192,0.6438544,0.23977453,0.66696966,-0.6590742,5.30942321,5.30942321
"111","25.81277778 107.1766667","S139",25.81277778,107.1766667,-0.006080336,-0.4455414,0.45281836,-0.36596447,-1.003104,0.12697922,0.6471889,0.23977453,0.74937576,-0.7104516,4.069720672,4.069720672
"112","25.84944444 107.1669444","S143",25.84944444,107.1669444,0.03343759,-0.44404075,0.4580654,-0.3118037,-0.9865516,0.06681517,0.6472986,0.23977453,0.794368,-0.7392566,4.559842269,4.559842269
"113","25.86194444 107.1297222","S141",25.86194444,107.1297222,0.11603455,-0.44665012,0.44894555,0.15181951,-0.9790966,0.6884896,0.63468456,0.2306983,0.7395733,-0.65650713,4.23696485,4.23696485
"114","25.89333333 113.0036111","S37",25.89333333,113.0036111,-0.08543928,-0.21591389,0.5287755,-0.14250185,-0.97123957,0.18279846,0.874043,1.1150298,0.71482146,-0.92555887,2.841023677,2.841023677
"115","25.89861111 113.0055556","S35",25.89861111,113.0055556,-0.08543928,-0.21591389,0.5287755,-0.14250185,-0.97123957,0.18279846,0.874043,1.1150298,0.71482146,-0.92555887,4.593962342,4.593962342
"116","26.17 -97.96","SRR5195106",26.17,-97.96,0.6726593,-0.77354884,-0.53999674,1.307685,-0.87226385,1.1385969,0.9965852,0.39130837,-0.6626089,0.6434746,4.755122864,4.310536616
"117","26.30638889 106.1388889","S132",26.30638889,106.1388889,0.11370316,-0.49859545,0.41159162,0.5663171,-0.9503251,1.0267686,0.58554494,0.072087616,0.8369765,-2.033379,3.654215317,3.654215317
"118","26.32083333 106.1394444","S130",26.32083333,106.1394444,0.03396796,-0.49544287,0.40284654,0.4410797,-0.93243194,0.7941932,0.5879581,0.072850525,0.68491834,-2.0834718,4.455317459,4.455317459
"119","26.32194444 106.1388889","S129",26.32194444,106.1388889,0.03396796,-0.49544287,0.40284654,0.4410797,-0.93243194,0.7941932,0.5879581,0.072850525,0.68491834,-2.0834718,4.343623589,4.343623589
"120","26.5008 -80.2398","SRR8879130",26.5008,-80.2398,-0.54883915,-1.1437542,0.07353226,-0.36484432,-1.042183,0.2247177,0.8522593,1.4676721,-1.8894168,2.3545966,6.446362608,6.490288779
"121","26.5052 -80.2345","SRR8881006",26.5052,-80.2345,-0.54883915,-1.1437542,0.07353226,-0.36484432,-1.042183,0.2247177,0.8522593,1.4676721,-1.8894168,2.3545966,6.250168741,6.0619046445
"122","26.5059 -80.2517","SRR8879132",26.5059,-80.2517,-0.6453345,-1.1414516,0.07140846,-0.3803333,-1.0471642,0.049903315,0.8482448,1.411987,-1.709464,1.933286,6.085799059,5.9833974646
"123","26.5065 -80.2537","SRR8881005",26.5065,-80.2537,-0.6453345,-1.1414516,0.07140846,-0.3803333,-1.0471642,0.049903315,0.8482448,1.411987,-1.709464,1.933286,5.960863863,5.911039761
"124","26.75861111 100.6683333","S332",26.75861111,100.6683333,0.106175765,-0.8770711,-0.264652,2.7778842,-0.93224126,0.99587226,0.66171145,-0.05855771,0.6047217,-0.7506577,4.650686782,4.650686782
"125","26.77305556 100.6725","S333",26.77305556,100.6725,0.48763913,-0.90869886,-0.26315287,0.16588038,-0.9250739,0.8015187,0.6294197,-0.06684472,0.8368066,-0.9431534,5.12729679,5.12729679
"126","26.86611111 100.1480556","S334",26.86611111,100.1480556,-0.42512065,-0.87458533,-0.1800747,-0.06587449,-0.99563587,0.18415286,0.45613655,-0.06139895,1.1891724,-0.6735841,4.733285413,4.733285413
"127","26.96027778 100.2008333","S335",26.96027778,100.2008333,0.10598872,-0.8879112,-0.16995542,0.10038679,-0.97072667,0.76599526,0.42491966,-0.072763994,1.0318555,-0.6512805,4.216249432,4.216249432
"128","27.0425 107.0227778","S137",27.0425,107.0227778,-0.020187844,-0.3622118,0.34750274,-0.14528026,-0.98064435,0.26712072,0.6523003,0.09650138,0.80580854,-1.2039853,5.259224139,5.259224139
"129","27.04277778 107.0227778","S134",27.04277778,107.0227778,-0.020187844,-0.3622118,0.34750274,-0.14528026,-0.98064435,0.26712072,0.6523003,0.09650138,0.80580854,-1.2039853,3.757788434,4.627300484
"130","27.04361111 106.9605556","S135",27.04361111,106.9605556,0.069216356,-0.3719919,0.39734963,0.20661657,-0.9436733,0.6209843,0.6275111,0.08534683,0.95557165,-1.1414763,4.727106676,4.727106676
"131","27.05861111 115.0369444","S249",27.05861111,115.0369444,-0.22983573,-0.13898046,0.5794969,0.5741921,-0.97702366,0.90428424,0.9006968,1.3174537,0.7795217,-0.53716743,2.87588317,2.87588317
"132","27.08083333 115.01","S237",27.08083333,115.01,-0.087298356,-0.13153592,0.5909904,0.001511887,-0.9294086,0.52640116,0.9186637,1.3523194,0.6023808,-0.4059383,4.759530887,4.759530887
"133","27.11722222 115.0511111","S238",27.11722222,115.0511111,-0.046248544,-0.1354795,0.5933641,1.2011845,-0.9431135,0.923279,0.9035487,1.3119291,0.7093218,-0.50582904,3.742382964,3.742382964
"134","27.13416667 114.9919444","S234",27.13416667,114.9919444,-0.24825118,-0.12751722,0.5602578,0.49598098,-0.9089182,0.9399478,0.9263636,1.3299763,1.4281023,-1.1114225,2.954187062,2.954187062
"135","27.14611111 110.0333333","S42",27.14611111,110.0333333,-0.084344044,-0.17207089,0.49541932,0.1263302,-0.9939607,0.2886754,0.83679336,1.0389576,0.91760284,-1.1695944,3.413256704,3.413256704
"136","27.16527778 115.0983333","S233",27.16527778,115.0983333,-0.1247896,-0.1317567,0.584744,0.2806326,-0.9515854,0.75603914,0.9056547,1.3200845,1.5029445,-1.012077,3.472806864,3.472806864
"137","27.22 -109.55","SRR8987900",27.22,-109.55,0.8564397,-0.7548553,-0.7017805,-0.09599794,-0.8402252,1.0002214,1.1306003,-0.4621744,-1.0418316,0.7934614,2.333450827,2.68036475275
"138","27.6218222 111.4635061","SRR1185960",27.6218222,111.4635061,-0.24008201,-0.10968862,0.4974182,1.7747535,-0.97071767,0.9531193,0.89283246,1.4078478,1.0840765,-1.2044628,3.651368613,3.651368613
"139","27.73972222 118.0672222","S91",27.73972222,118.0672222,-0.29968587,-0.32790774,0.74240506,-0.42244056,-1.0241449,-0.19638048,0.8281721,1.2945358,-0.08044424,-0.14386831,4.234775443,4.234775443
"140","27.756161 118.023465","S406",27.756161,118.023465,-0.14647111,-0.3111918,0.71079785,0.61260456,-0.9671999,1.0158533,0.8958488,1.2750978,0.19957007,-0.040755708,3.220911442,3.220911442
"141","27.76083333 118.0305556","S92",27.76083333,118.0305556,-0.1722187,-0.31529096,0.69518167,0.92987055,-0.97218955,0.9225434,0.8856871,1.2713096,0.16361776,-0.23262179,3.856428371,3.856428371
"142","27.85194444 102.2675","S310",27.85194444,102.2675,-0.57348645,-0.836999,-0.05826841,1.551444,-0.9920605,1.0111046,0.60982955,-0.4010873,1.4794744,-1.6117631,4.909533321,4.909533321
"143","27.87388889 102.5163889","S311",27.87388889,102.5163889,0.07968447,-0.80472815,0.24855855,-0.32930586,-1.0053236,0.2808541,0.21348752,-0.37504244,0.88030744,-0.56229013,2.632066865,2.632066865
"144","28.11 -81.71","SRR5195108",28.11,-81.71,0.12705982,-0.9335818,-0.07800727,1.8616418,-0.98819846,1.0036486,0.9084409,1.2300903,-2.5514898,3.4975328,4.980163609,4.578900303
"145","28.498423 119.904275","S384",28.498423,119.904275,-0.36624333,-0.22751261,0.5712516,-0.39289406,-1.0329268,-0.043194022,0.8243505,1.2001343,0.85785913,-0.7674593,3.001301284,4.0450257968
"146","28.61222222 115.8344444","S251",28.61222222,115.8344444,0.011857811,-0.051400553,0.5165324,1.0146111,-0.8195216,0.975617,0.90162295,1.2235042,1.6065038,-1.4979949,4.646078063,4.646078063
"147","28.75138889 115.74","S250",28.75138889,115.74,-0.045109723,-0.074352525,0.570502,-0.38657677,-0.9926876,0.20120886,0.83239716,1.1648254,0.47916624,-0.44764578,2.726892254,2.726892254
"148","28.75694444 115.9283333","S248",28.75694444,115.9283333,-0.116477944,-0.047809567,0.4855499,0.07078619,-0.91749126,0.778089,0.9032197,1.2091702,1.3876332,-1.4464833,4.821275666,4.821275666
"149","28.76805556 116.0538889","S244",28.76805556,116.0538889,-0.15691784,-0.054891992,0.4940451,0.9558014,-0.91858417,1.0984963,0.89462036,1.2422656,1.219349,-1.5892656,5.354539984,5.354539984
"150","28.775 116.0563889","S245",28.775,116.0563889,-0.050152283,-0.054687023,0.49342045,0.6848166,-0.9212685,1.1244025,0.89446676,1.2404766,1.2153093,-1.5545447,4.175880742,4.175880742
"151","28.78777778 115.7561111","S246",28.78777778,115.7561111,-0.1791134,-0.06647739,0.54364216,-0.2853892,-1.0072631,0.030986182,0.8392943,1.161658,0.58728236,-0.5125907,4.579558416,4.579558416
"152","28.83166667 104.6163889","S308",28.83166667,104.6163889,-0.069983326,-0.41097307,0.47867876,-0.3102384,-0.94145024,0.10868748,0.79054165,0.091566764,0.8691857,-1.0809331,5.473039033,5.473039033
"153","28.96666667 118.8536111","S361",28.96666667,118.8536111,-0.30539092,-0.10493495,0.5747496,0.66503894,-0.94664645,0.5997042,0.9125431,1.3235044,0.89441955,-0.6021076,5.685121776,5.685121776
"154","29.15555556 119.3883333","rice1",29.15555556,119.3883333,-0.028958626,-0.12207235,0.4508195,0.23091103,-0.9365013,0.36746272,0.88970625,1.185651,1.3321035,-1.5352689,5.46647823,5.15475667176
"155","29.26416667 113.1183333","S29",29.26416667,113.1183333,0.04099176,-0.051684562,0.40172216,-0.17835349,-0.9475608,0.41404125,0.85910374,1.2413185,1.3974987,-1.1436341,5.455559031,5.455559031
"156","29.43583333 113.0172222","S32",29.43583333,113.0172222,-0.07521167,-0.037346225,0.37111443,1.7435578,-0.9182282,1.0898775,0.86042,1.154333,1.6976947,-1.4601696,5.662454434,5.662454434
"157","29.46166667 107.11","S354",29.46166667,107.11,-0.18530309,-0.30254915,0.46543625,-0.34555927,-0.9802341,-0.1302896,0.7528172,0.12674427,0.8090432,-1.0439328,4.85027402,4.85027402
"158","29.47055556 107.1438889","S351",29.47055556,107.1438889,-0.1916301,-0.3032038,0.4775544,-0.19925645,-0.98931366,0.4902096,0.74766195,0.1292811,0.86353606,-1.0759907,4.411671518,4.411671518
"159","29.50166667 112.8005556","S209",29.50166667,112.8005556,-0.8128362,-0.040379252,0.3408815,NA,-0.8691185,NA,0.83557075,1.0799664,0.33494726,-1.9188949,5.13507042,5.13507042
"160","29.5125 106.4722222","S342",29.5125,106.4722222,-0.21708596,-0.3073458,0.38735527,0.6850898,NA,0.9818761,0.89891994,0.1442766,0.45791474,-1.2450697,4.752642998,4.752642998
"161","29.565 107.6077778","S340",29.565,107.6077778,-0.22285289,-0.31782025,0.932173,-0.37179095,-1.007669,0.18765685,0.4643411,0.30233482,0.48286775,-0.7092419,3.207052981,3.207052981
"162","29.573145 103.749543","S391",29.573145,103.749543,-0.24809794,-0.41908494,0.9256767,0.31838238,-0.85663503,0.59117186,0.75119394,0.00700173,1.1278745,-1.1690801,4.549123097,4.549123097
"163","29.58055556 115.9297222","S242",29.58055556,115.9297222,-0.14505455,0.019469418,0.3874802,-0.2338233,-0.9688713,0.4849476,0.89645207,1.197121,1.2841653,-1.3235029,3.675019188,3.675019188
"164","29.58472222 107.6005556","S344",29.58472222,107.6005556,-0.37001416,-0.3067783,0.80249614,-0.41369188,-1.0281869,-0.008727142,0.5293634,0.2606104,0.4964016,-0.65853614,4.085573365,4.085573365
"165","29.625 103.5680556","S309",29.625,103.5680556,-0.06276074,-0.41905162,0.9106851,-0.088345006,-0.93611336,0.6320793,0.7699284,0.08508373,0.9966598,-1.0616316,5.244824418,5.244824418
"166","29.660384 115.952035","S393",29.660384,115.952035,0.008146791,0.039763946,0.3658674,0.58087134,-0.920417,1.0409948,0.90444833,1.2268491,1.4595429,-1.3897132,5.424732626,5.424732626
"167","29.69777778 107.3813889","S339",29.69777778,107.3813889,-0.2259921,-0.2899692,0.4348285,0.9260441,-0.9096506,1.05399,0.84493214,0.11702159,0.2818434,-1.4855781,4.123139141,4.123139141
"168","29.71166667 115.8525","S239",29.71166667,115.8525,0.006510142,0.021198677,0.3351347,3.9482636,-0.8813856,1.372724,0.91274047,1.2044348,2.020042,-1.425604,5.800311594,5.800311594
"169","3.8381 -73.3194","SRR7004198",3.8381,-73.3194,0.6403534,-1.7042986,1.4476323,-0.2857071,-0.9620821,0.5862628,0.86667204,1.415402,-0.20557399,-0.18507794,3.647852125,3.97191310757143
"170","30.10888889 114.9202778","S191",30.10888889,114.9202778,-0.10794728,0.019786216,0.3756119,0.42882136,-0.9250813,0.84547156,0.9073659,0.97160935,1.2558675,-1.467007,5.217958384,5.217958384
"171","30.18194444 121.3538889","s1_FDMS190655335",30.18194444,121.3538889,-0.110800736,-0.08491515,0.19508871,1.7684721,-0.9324065,1.0682269,0.8331078,0.9887094,1.8801982,-1.7638755,5.449977237,5.20015583738095
"172","30.19694444 114.9622222","S199",30.19694444,114.9622222,-0.09587828,0.030287705,0.40534514,0.41234207,-0.9549443,0.7661006,0.90525985,0.9788703,1.2452605,-1.5763102,3.800960792,3.800960792
"173","30.39472222 121.2741667","Cjian1_BDME190026006",30.39472222,121.2741667,-1.1506017,NA,NA,NA,-0.8318954,NA,NA,NA,-2.8940208,-3.14773,5.26399397,5.329427961
"174","30.39666667 109.5719444","S193",30.39666667,109.5719444,-0.14850435,-0.22440603,0.64983225,-0.4403293,-1.0027052,-0.2650685,0.7303095,0.39041385,1.1928331,-1.4343297,2.942413274,2.942413274
"175","30.46527778 122.2977778","S58_BDME190601153",30.46527778,122.2977778,-0.23661444,-0.19890583,0.14973928,3.180473,-0.8568264,1.0039413,0.7468942,0.9842793,1.6289251,-1.5638618,4.012840749,4.8053116092
"176","30.58 90.87","SRR8544467",30.58,90.87,-0.31650385,-0.19193588,-0.21617936,0.69542664,0.01714949,0.9025755,-0.2055707,-0.4784327,0.12212921,0.4853147,5.187535059,5.187535059
"177","30.59333333 121.0922222","Z1jian_BDME190025990",30.59333333,121.0922222,-0.47144082,-0.049190022,0.16960308,2.856177,-0.8756331,1.121392,0.79849076,0.949265,1.9269346,-1.809519,5.297778366,5.25560552341176
"178","30.63333333 117.4869444","S61",30.63333333,117.4869444,-0.12621595,-0.010353869,0.43058088,1.6184894,-0.9061335,1.2545835,0.84469557,1.0137358,1.696458,-2.0046272,4.873030704,4.873030704
"179","30.64111111 117.5011111","S60",30.64111111,117.5011111,-0.3379899,-0.012034531,0.42658314,2.1078672,-0.95938253,1.1716766,0.8420407,0.98415655,1.7795465,-2.0109887,4.856416951,4.856416951
"180","30.64388889 117.4927778","S59",30.64388889,117.4927778,-0.26005504,-0.009444235,0.43158033,1.8500035,-0.9211652,1.137351,0.844252,1.0060586,1.4981809,-2.0294933,4.282962254,4.282962254
"181","30.64388889 117.4930556","S58",30.64388889,117.4930556,-0.26005504,-0.009444235,0.43158033,1.8500035,-0.9211652,1.137351,0.844252,1.0060586,1.4981809,-2.0294933,4.719036583,4.719036583
"182","30.64527778 117.4222222","S62",30.64527778,117.4222222,-0.18026337,-0.012866828,0.44444808,0.20057821,-0.9303206,0.7734431,0.8345777,0.9583502,1.822797,-2.2686796,5.763250695,5.763250695
"183","30.65416667 117.4133333","S56",30.65416667,117.4133333,-0.1865848,-0.010578175,0.4403254,0.86006844,-0.936943,1.2131299,0.83780247,0.9427758,2.2083163,-2.3662407,5.558608704,5.558608704
"184","30.65416667 117.4161111","S57",30.65416667,117.4161111,-0.1865848,-0.010578175,0.4403254,0.86006844,-0.936943,1.2131299,0.83780247,0.9427758,2.2083163,-2.3662407,5.3320604,5.3320604
"185","30.66305556 120.4575","S366",30.66305556,120.4575,-0.05802016,-0.02600682,0.19209039,-0.14726824,-0.93195957,0.26857802,0.8206036,0.80013394,2.1276703,-2.0879114,4.910159397,4.910159397
"186","30.66861111 120.5177778","S363",30.66861111,120.5177778,-0.17033823,-0.024360124,0.19034138,1.0344872,-0.91148055,1.2643918,0.82166135,0.796808,1.7197125,-1.9045377,5.754279622,5.754279622
"187","30.68 91.1","SRR8554898",30.68,91.1,-0.36189765,-0.21509466,-0.30700314,0.046535455,-0.35957253,0.5622954,-0.14007671,-0.4784327,0.043623522,0.6247379,5.641475422,5.641475422
"188","30.7792 120.7081","SRR1029957",30.7792,120.7081,-0.37134346,-0.021339243,0.14311802,0.5023744,-0.9389021,1.0889063,0.8299709,0.78966343,1.5067216,-1.6351119,2.247160802,2.247160802
"189","30.83416667 117.1713889","S69",30.83416667,117.1713889,-0.056345105,-0.01918959,0.48967257,-0.30221123,-0.9557362,0.055090252,0.80826384,0.76856434,0.8013526,-0.8122138,3.674336595,3.674336595
"190","30.83576111 120.7176889","MG_D1_T1_R1",30.83576111,120.7176889,-0.28909615,-0.042213544,0.09914282,0.7286839,-0.9450705,1.2818471,0.7956656,0.73981357,1.4935747,-1.9483297,4.835202992,4.53621381281944
"191","31.11 -95.15","SRR5246127",31.11,-95.15,-0.20001379,-0.39442983,-0.080755726,-0.3824223,-1.043765,-0.13566563,0.9540383,2.2542415,-0.54241407,1.5678196,2.669320094,2.06952315154545
"192","31.23694444 118.22","S72",31.23694444,118.22,-0.078204684,0.046989683,0.2521815,0.81034803,-0.92504597,0.84631234,0.83903104,0.80842096,1.999855,-2.2416,4.663568198,4.663568198
"193","31.23694444 118.31","S75",31.23694444,118.31,-0.3153528,0.039546955,0.22157377,3.6127117,-0.93953013,1.3260295,0.8298173,0.809774,1.7636751,-2.685682,5.260427076,5.260427076
"194","31.25 118.32","S70",31.25,118.32,-0.33877897,0.038631964,0.21907517,3.1854768,-0.9442471,1.2535892,0.82782096,0.80439585,1.7498528,-2.698886,4.234887619,4.234887619
"195","31.27694444 118.2980556","S76",31.27694444,118.2980556,-0.4000208,0.031106416,0.21507743,1.2453021,-0.9302686,0.53366464,0.8298173,0.8327558,1.556326,-2.579487,4.500750102,4.500750102
"196","31.32277778 120.3511111","S223",31.32277778,120.3511111,-0.60913783,-0.001647218,0.05741635,NA,-0.94751245,NA,0.77760655,0.5915119,1.8441235,-1.823372,5.000873129,5.000873129
"197","31.32388889 120.3530556","S225",31.32388889,120.3530556,-0.60913783,-0.001647218,0.05741635,NA,-0.94751245,NA,0.77760655,0.5915119,1.8441235,-1.823372,4.821226124,4.821226124
"198","31.34 90.6","SRR8543488",31.34,90.6,-1.3786862,-0.1883287,-0.48165464,NA,-0.8253771,NA,0.032342043,-0.5115807,-2.8940208,-3.14773,6.055593103,6.055593103
"199","31.45972222 120.2483333","S227",31.45972222,120.2483333,-0.2001807,0.014759646,0.061539024,0.9432776,-0.95174986,1.223658,0.780473,0.60283136,1.6570132,-1.7926434,5.540579719,5.540579719
"200","31.53027778 120.3316667","S228",31.53027778,120.3316667,-0.25313258,0.03592318,0.06553677,0.3211323,-0.8713675,0.47361457,0.8281721,0.67667454,-2.1498911,-3.0113337,5.207839946,5.207839946
"201","31.67638889 117.2208333","S66",31.67638889,117.2208333,-0.06914237,0.03629798,0.14574154,0.96383286,-0.93571806,0.6584944,0.8159968,0.54639375,2.7146833,-2.6156924,4.661190887,4.661190887
"202","31.77 89.06","SRR8556377",31.77,89.06,-1.4504101,-0.19632755,-0.5389973,NA,-0.74851626,NA,0.06508134,-0.5005314,-2.8940208,-3.14773,5.206434327,5.206434327
"203","31.90083333 117.2427778","S63",31.90083333,117.2427778,-0.19036198,0.07193271,0.07415691,1.3212638,-0.9055235,1.330236,0.84232754,0.6457028,2.346667,-2.4723542,4.844711796,4.844711796
"204","32.03 118.46","SRR8185406",32.03,118.46,-0.08932132,0.069491215,0.031056216,0.20460087,-0.93682307,0.94891125,0.8107757,0.5211644,1.9563419,-2.296959,3.303229418,3.303229418
"205","32.07444444 114.1177778","S171",32.07444444,114.1177778,-0.11047218,0.02823786,0.10613887,-0.004821445,-0.9702302,0.25481918,0.816655,0.42761332,1.0819002,-1.2143159,3.86205917,3.86205917
"206","32.16333333 114.1133333","S168",32.16333333,114.1133333,0.09645438,0.02426306,0.0965193,-0.10734435,-0.9279427,0.368681,0.8034924,0.34429225,1.5244551,-1.2460186,5.389229935,5.389229935
"207","32.31833333 110.02","S24",32.31833333,110.02,0.028783595,-0.0906379,0.066911,0.004695134,-0.9493824,0.56270605,0.7999434,-0.063124016,1.0286942,-0.8604181,3.777801666,3.777801666
"208","32.32305556 113.6236111","S20",32.32305556,113.6236111,0.031667057,0.01608484,0.034554243,-0.2584098,-0.9798719,0.4631609,0.7802937,0.19557716,1.2521402,-1.0532639,4.754136059,4.754136059
"209","32.32388889 113.6244444","S23",32.32388889,113.6244444,0.031667057,0.01608484,0.034554243,-0.2584098,-0.9798719,0.4631609,0.7802937,0.19557716,1.2521402,-1.0532639,3.644383303,3.644383303
"210","32.32416667 113.6247222","S21",32.32416667,113.6247222,0.031667057,0.01608484,0.034554243,-0.2584098,-0.9798719,0.4631609,0.7802937,0.19557716,1.2521402,-1.0532639,5.401596442,5.337053047
"211","32.34583333 110.0236111","S25",32.34583333,110.0236111,-0.002166529,-0.09923103,0.06703592,-0.31544226,-0.98550963,0.2718581,0.7863595,-0.069975354,1.0162761,-0.7995967,4.268049445,4.268049445
"212","32.5788 -110.8509","SRR7687341",32.5788,-110.8509,0.7958903,-0.3491072,-0.7145233,-0.42415816,-0.8516804,-0.4591891,0.9895212,-0.22024643,0.71105325,-0.6228136,3.115123756,3.1534779475
"213","32.5789 -110.8512","SRR8438363",32.5789,-110.8512,0.7958903,-0.3491072,-0.7145233,-0.42415816,-0.8516804,-0.4591891,0.9895212,-0.22024643,0.71105325,-0.6228136,4.016358407,3.59016270257143
"214","32.65944444 110.7952778","S28",32.65944444,110.7952778,-0.24155957,-0.026644204,0.003696646,0.5768964,-0.9575459,0.85756457,0.86239284,-0.080852814,1.0307599,-0.8660385,4.414378861,4.414378861
"215","32.96 113.0766667","S4",32.96,113.0766667,0.33705828,0.07581646,-0.09624699,0.3026415,-0.9049349,0.84979725,0.7975694,0.029837025,0.926165,-1.1125388,4.587762793,4.587762793
"216","32.9625 113.77","S5",32.9625,113.77,0.21712309,0.08954471,-0.094123185,-0.20855856,-0.93596107,0.35784987,0.8032339,0.056502018,1.450067,-1.6953079,5.449252128,5.449252128
"217","32.96777778 120.0108333","S226",32.96777778,120.0108333,-0.2818946,0.055060126,0.007319603,1.8089467,-0.92657286,1.2891062,0.76532143,0.449712,1.935282,-2.135698,5.51153021,5.51153021
"218","33.00277778 112.5905556","S6",33.00277778,112.5905556,-0.19159159,0.08264728,-0.089750655,0.63460314,-0.93712354,0.80345845,0.82557905,0.041524768,-0.3438853,-1.210851,4.815790708,4.815790708
"219","33.00277778 112.5908333","S7",33.00277778,112.5908333,-0.19159159,0.08264728,-0.089750655,0.63460314,-0.93712354,0.80345845,0.82557905,0.041524768,-0.3438853,-1.210851,4.699245621,4.699245621
"220","33.0544457 -116.3577702","SRR8858270",33.0544457,-116.3577702,0.8406467,-0.502909,-0.72264373,-0.4859142,-0.7474252,-1.2555035,0.9415283,-0.32143384,-0.68486714,1.4680655,1.034043274,1.034043274
"221","33.18166667 113.86","S3",33.18166667,113.86,0.20178999,0.12294266,-0.1508412,0.09206855,-0.9309345,0.41001794,0.8206036,0.007738341,1.3806422,-1.4899498,5.299474718,5.299474718
"222","33.3049 -116.2547","SRR7003761",33.3049,-116.2547,2.2178512,-0.2642395,-0.8851771,-0.51633096,-0.43977815,-0.9727243,1.3596042,-0.49925458,-0.6644296,1.0579641,4.739890983,4.8079676918
"223","33.305 -116.2547","SRR7004144",33.305,-116.2547,2.2178512,-0.2642395,-0.8851771,-0.51633096,-0.43977815,-0.9727243,1.3596042,-0.49925458,-0.6644296,1.0579641,4.64196062,4.13993117455556
"224","33.5944 -109.1397","SRR7976078",33.5944,-109.1397,0.16984157,-0.3930572,-0.702655,-0.28577003,-0.96277785,0.5584414,0.75215906,-0.1359031,-0.30692813,0.58931637,5.386902659,5.386902659
"225","33.67472222 88","S369",33.67472222,88,-0.4373045,-0.05335229,-0.5586112,0.92628354,0.0820632,-0.26454216,-0.2234606,-0.5226301,1.0619828,-1.0168202,3.732160284,3.732160284
"226","33.8834 -83.4195","SRR5689334",33.8834,-83.4195,0.28712478,-0.3083674,0.09714395,0.6810168,-0.9859535,0.7904693,0.85910374,2.2624242,-0.8802417,1.0411401,4.556987248,4.7614456285
"227","33.89 -117.42","SRR5195110",33.89,-117.42,0.6532701,-0.839566,-0.74263245,1.0085982,-0.87083906,1.2226057,0.94498837,-0.4965852,-0.09523117,-0.06683649,4.25146138,3.937174437
"228","34.04972222 108.9091667","S296",34.04972222,108.9091667,-0.008492943,0.045054927,-0.32499298,-0.006700033,-0.9653651,0.5112832,0.7192735,-0.34451467,1.78313,-1.2731557,5.181039415,5.181039415
"229","34.13277778 112.0888889","S14",34.13277778,112.0888889,0.010732866,0.053930625,-0.3271168,1.8515779,-0.8848229,1.3362452,0.79651177,-0.25096282,-0.9514987,-2.452278,4.872375217,4.872375217
"230","34.15444444 112.1061111","S13",34.15444444,112.1061111,-0.3272883,0.049718063,-0.32699186,0.4216023,-0.9243558,0.40425405,0.7832779,-0.2594593,1.6719935,-1.4331338,5.496830706,5.496830706
"231","34.24222222 112.2030556","S16",34.24222222,112.2030556,0.09685917,0.082921095,-0.35510102,0.10639602,-0.9392553,0.7313633,0.80139816,-0.30051374,1.6443979,-1.3436992,5.449977237,5.449977237
"232","34.2525 108.9830556","S288",34.2525,108.9830556,-0.18891366,0.12663019,-0.35185283,0.19326004,-0.9462006,0.7645772,0.8202966,-0.22193012,-0.4865963,-1.9144855,5.449482694,5.449482694
"233","34.27472222 112.24","S17",34.27472222,112.24,0.076697715,0.09045292,-0.36921805,0.9011825,-0.9190185,1.0852273,0.82444257,-0.30164322,1.6621504,-1.3758448,5.385542089,5.385542089
"234","34.32833333 112.3002778","S18",34.32833333,112.3002778,0.066795245,0.10192988,-0.37871268,0.7146499,-0.92684996,1.1012132,0.83396345,-0.30164322,1.9924644,-1.6186414,5.407145261,5.407145261
"235","34.41083333 108.9980556","S290",34.41083333,108.9980556,0.091662005,0.14930181,-0.34473187,0.566832,-0.8914753,1.0788231,0.8067831,-0.28838402,1.3940974,-0.66675794,5.014203747,5.014203747
"236","34.4125 113.57","S8",34.4125,113.57,0.091519125,0.15571144,-0.38695803,0.004614404,-0.9299495,0.48816594,0.8099091,-0.30558944,1.9116907,-1.1985909,5.281336889,5.281336889
"237","34.41305556 109.1386111","S297",34.41305556,109.1386111,0.19217885,0.15679796,-0.33711115,0.2562964,-0.9081707,0.8847585,0.8067831,-0.30761892,1.9920063,-1.1966628,5.482464926,5.482464926
"238","34.46194444 113.4388889","S12",34.46194444,113.4388889,0.053690426,0.14007692,-0.39345437,0.7788243,-0.9355612,1.1908929,0.8143514,-0.30164322,1.8085341,-1.1983378,5.109740231,5.109740231
"239","34.55472222 113.4830556","S11",34.55472222,113.4830556,0.10063616,0.12713954,-0.3990762,0.008944389,-0.9335016,0.54784757,0.7911198,-0.31269258,1.7820709,-1.2282003,5.274752119,5.274752119
"240","34.64333333 113.5705556","S10",34.64333333,113.5705556,-0.012344008,0.14908077,-0.41943973,-0.027571073,-0.9606087,0.554634,0.78712726,-0.3137975,1.5517169,-0.9549961,5.330970169,5.330970169
"241","34.68861111 113.5530556","S9",34.68861111,113.5530556,-0.11401872,0.16155085,-0.42930916,0.93789923,-0.94530505,1.1615797,0.7972404,-0.3286352,1.4972723,-0.95848197,5.03347276,5.03347276
"242","34.76777778 111.7691667","S1",34.76777778,111.7691667,0.11145014,0.1349457,-0.40844592,0.15903516,-0.9079668,0.88655704,0.77914214,-0.32706797,-0.22474118,-2.0679023,5.422434707,5.422434707
"243","34.78222222 111.7647222","S2",34.78222222,111.7647222,0.13820295,0.13200243,-0.42531142,-0.075881064,-0.9227099,0.6837834,0.7751228,-0.3458406,1.7066683,-1.3254247,4.795851011,4.795851011
"244","34.975667 -97.519","SRR988077",34.975667,-97.519,0.7474727,-0.010301745,-0.29725862,-0.03722598,-0.96987283,0.5210486,0.95189875,0.7957932,0.6084748,-0.35268068,1.266992876,1.6510127565
"245","34.98167 -97.52056","ERR1051325",34.98167,-97.52056,0.6505773,-0.01197496,-0.30425468,-0.067184456,-0.9786031,0.7838696,0.950418,0.79224163,0.5147305,-0.59926254,3.859074921,3.859074921
"246","35.0244 -111.7363","SRR7976077",35.0244,-111.7363,-0.28252083,-0.31158358,-0.5644829,-0.28518873,-0.9854881,0.52334136,0.69572526,0.14703894,0.9578907,-0.6674101,4.805792599,4.805792599
"247","35.20472222 114.7486111","S176",35.20472222,114.7486111,0.18182516,0.23524861,-0.43168283,0.15929654,-0.9163899,0.7705171,0.8159968,-0.3241839,1.4752885,-0.80194265,5.633564273,5.633564273
"248","35.207199 114.675606","S390",35.207199,114.675606,0.108790964,0.23015216,-0.4134431,0.51724476,-0.8787398,0.67202294,0.8206036,-0.29133052,-0.5180009,-2.0621898,4.989295911,4.989295911
"249","35.22777778 114.8311111","S175",35.22777778,114.8311111,0.11037357,0.23577392,-0.42968395,1.8097855,-0.9104576,1.4345074,0.8067831,-0.31624416,1.5933477,-1.1852756,5.065976143,5.065976143
"250","35.28111111 114.8736111","S174",35.28111111,114.8736111,-0.012155784,0.23955563,-0.4354307,1.4960917,-0.91902345,1.0403521,0.80217636,-0.3237419,1.3843035,-0.85634434,5.440793513,5.440793513
"251","35.31666667 114.9069444","S173",35.31666667,114.9069444,0.02509564,0.23613186,-0.4340565,3.390225,-0.9201247,1.5858777,0.80228597,-0.3237419,1.6470652,-1.150663,4.084500793,4.084500793
"252","35.33527778 114.9025","S177",35.33527778,114.9025,0.018510832,0.23976335,-0.4363052,1.3563762,-0.91463816,1.103053,0.80228597,-0.3237419,1.8588244,-1.0915368,5.131315753,5.131315753
"253","35.37 114.9216667","S178",35.37,114.9216667,0.10776267,0.23908246,-0.43830407,1.061505,-0.9148383,0.91368353,0.7975694,-0.3237419,1.9406364,-1.0625186,5.127598818,5.127598818
"254","35.8443 -83.9607","SRR5582390",35.8443,-83.9607,0.4257342,-0.1576172,0.22019954,1.4050055,-0.9626246,1.1377574,0.81507546,2.16236,0.9846857,-0.9454449,6.335301719,6.4400924605
"255","36 -78","SRR8549365",36,-78,0.4630332,-0.20374507,0.06466226,0.57660073,-0.92577493,0.90454406,0.8620447,1.9977986,-0.02937885,0.5749712,5.77628311,5.752937762
"256","36.02 108.31","SRR4289287",36.02,108.31,-0.029294517,0.11595155,-0.39895126,-0.22075066,-1.016387,0.28567594,0.54090244,-0.46738335,1.632963,-1.0545381,3.680360027,3.58372586266667
"257","36.02 108.32","SRR4289290",36.02,108.32,-0.059480704,0.11539059,-0.39307958,-0.15332507,-1.0217565,0.3497151,0.54090244,-0.46738335,1.6467292,-1.0382829,3.556760776,3.583694508
"258","36.04 108.32","SRR4289284",36.04,108.32,-0.114188276,0.11003168,-0.3957031,-0.34856156,-1.0264682,0.0772571,0.5264238,-0.46738335,1.5242867,-1.0888027,3.118677581,3.149772612
"259","36.05 108.31","SRR4289280",36.05,108.31,-0.09124842,0.11755043,-0.4033238,-0.24824451,-1.0209075,0.28425518,0.53991526,-0.46738335,1.5420272,-1.1550659,2.704166585,2.95343224333333
"260","36.06444444 120.1038889","S274",36.06444444,120.1038889,0.2849867,0.121067084,-0.31812185,0.21049993,-0.91232556,0.73731625,0.66498005,-0.21219619,0.29948258,0.051385283,3.287461265,3.287461265
"261","36.08 120.3641667","S271",36.08,120.3641667,-0.26425824,0.11697118,-0.32099524,1.061299,-0.8507844,0.692229,0.68552446,-0.12682684,-1.8514171,-2.1653054,5.029334058,5.029334058
"262","36.257226 100.485006","S412",36.257226,100.485006,1.3298274,0.08571558,-0.6010873,-0.40141767,-0.6757522,-0.45254484,0.35899794,-0.52483994,0.724409,-0.1999006,3.781735499,3.781735499
"263","36.39888889 118.0186111","S46",36.39888889,118.0186111,0.29116917,0.32523605,-0.34510663,0.41987276,-0.89971006,0.5510572,0.7329639,-0.2952767,1.18108,-0.40561417,5.075807145,5.075807145
"264","36.40777778 118.0188889","S48",36.40777778,118.0188889,0.30897322,0.3294868,-0.34385735,0.2484202,-0.8933553,0.75831544,0.7396329,-0.29475054,1.0355384,-0.3229357,5.137018777,5.137018777
"265","36.44611111 117.9688889","S47",36.44611111,117.9688889,0.082785964,0.3172167,-0.3377358,1.2938944,-0.93916327,1.2537118,0.7139662,-0.29869676,1.4427994,-0.774758,4.595046604,4.595046604
"266","36.51472222 117.8552778","S49",36.51472222,117.8552778,-0.12502767,0.34811816,-0.33323833,0.42775753,-0.8957351,0.64197344,0.78385854,-0.20219916,-1.6154218,-2.0808923,5.061207336,5.061207336
"267","36.52 115.01","SRR5639170",36.52,115.01,0.16401972,0.41259468,-0.49352294,1.0357951,-0.8973489,0.7134843,0.83903104,-0.37898862,1.1089119,-1.4135813,3.499332847,3.499332847
"268","37.28 14.88","SRR5195121",37.28,14.88,0.019009538,-0.6824299,-0.57185376,0.18609972,-0.9631794,0.8294665,0.7768387,-0.3679393,0.83349425,-1.1559962,5.002162105,5.002162105
"269","37.2930286 103.7241968","SRR2952554",37.2930286,103.7241968,1.1931175,0.20924284,-0.7462554,-0.44767854,-0.6664768,-1.0980222,0.53313655,-0.5314695,1.5140504,-0.6413951,3.182528984,2.89406752483333
"270","37.3825 117.9502778","S51",37.3825,117.9502778,-0.123668864,0.42332557,-0.46603844,0.32021898,-0.87916636,1.031636,0.82613194,-0.33894792,-1.6423455,-2.8587575,4.234089846,4.234089846
"271","37.40222222 117.9291667","S52",37.40222222,117.9291667,0.23019889,0.42329735,-0.4701611,1.4160336,-0.8792264,1.0292361,0.8161504,-0.35431176,2.6561997,-1.91447,4.493104089,4.493104089
"272","37.42166667 112.2986111","S283",37.42166667,112.2986111,0.1722746,0.33281806,-0.57347786,1.3011409,-0.8907103,1.0945019,0.707736,-0.45080936,1.308243,-0.6062185,4.674381838,4.9136093485
"273","37.46361111 121.3783333","S268",37.46361111,121.3783333,0.2535617,0.16865626,-0.3137493,1.6720941,-0.8646021,1.0915028,0.63781065,-0.13235152,0.24459216,0.19808643,5.612579617,5.612579617
"274","37.49 14.81","SRR5195119",37.49,14.81,0.23386857,-0.66656375,-0.5666067,0.65420276,-0.9276423,0.9302974,0.7929626,-0.35688993,0.7069777,-0.9837205,5.325438706,5.325438706
"275","37.4958 -122.1331","SRR5210210",37.4958,-122.1331,-0.93188995,NA,NA,NA,-0.9677479,NA,NA,NA,-1.670803,-2.9903898,5.000485385,5.02381323266667
"276","37.496 -122.1329","SRR5210212",37.496,-122.1329,-0.93188995,NA,NA,NA,-0.9677479,NA,NA,NA,-1.670803,-2.9903898,3.710892427,3.710892427
"277","37.4961 -122.1331","SRR5209945",37.4961,-122.1331,-0.93188995,NA,NA,NA,-0.9677479,NA,NA,NA,-1.670803,-2.9903898,5.50259478,5.495750787
"278","37.4962 -122.1329","SRR5210214",37.4962,-122.1329,-0.93188995,NA,NA,NA,-0.9677479,NA,NA,NA,-1.670803,-2.9903898,3.115915493,3.251257458
"279","37.4965 -122.1329","SRR5210470",37.4965,-122.1329,-0.93188995,NA,NA,NA,-0.9677479,NA,NA,NA,-1.670803,-2.9903898,4.098326768,4.098326768
"280","37.4965 -122.133","SRR5210208",37.4965,-122.133,-0.93188995,NA,NA,NA,-0.9677479,NA,NA,NA,-1.670803,-2.9903898,5.190784502,5.190784502
"281","37.4968 -122.1333","SRR5209942",37.4968,-122.1333,-0.93188995,NA,NA,NA,-0.9677479,NA,NA,NA,-1.670803,-2.9903898,5.468261749,5.4434448495
"282","37.4969 -122.1331","SRR5209943",37.4969,-122.1331,-0.93188995,NA,NA,NA,-0.9677479,NA,NA,NA,-1.670803,-2.9903898,5.555067131,5.5721846625
"283","37.4971 -122.129","SRR5210466",37.4971,-122.129,-1.2636955,NA,NA,NA,-0.986152,NA,NA,NA,-0.42337814,-2.8299358,3.014632337,3.014632337
"284","37.4971 -122.133","SRR5468416",37.4971,-122.133,-0.93188995,NA,NA,NA,-0.9677479,NA,NA,NA,-1.670803,-2.9903898,5.215725376,5.215725376
"285","37.4972 -122.1293","SRR5210469",37.4972,-122.1293,-1.2636955,NA,NA,NA,-0.986152,NA,NA,NA,-0.42337814,-2.8299358,3.33069759,3.0802310795
"286","37.4973 -122.1295","SRR5210468",37.4973,-122.1295,-1.2636955,NA,NA,NA,-0.986152,NA,NA,NA,-0.42337814,-2.8299358,1.567543673,2.421428974
"287","37.51 -5.81","SRR5195114",37.51,-5.81,0.5756116,-0.6236429,-0.5743524,1.6528525,-0.9197979,1.4112165,0.95764184,-0.3458406,0.033941727,-0.47775486,3.858626805,4.2380737275
"288","37.51166667 112.3322222","S281",37.51166667,112.3322222,0.08563297,0.34112692,-0.57722574,0.22909722,-0.91260153,0.608779,0.7008257,-0.44274783,0.96374154,-0.2879709,5.122386851,5.122386851
"289","37.52472222 121.3841667","S269",37.52472222,121.3841667,-0.27789518,0.14862667,-0.32099524,1.4568125,-0.929217,1.1392697,0.6409368,-0.104728155,-0.2989074,0.25280875,4.939646327,4.939646327
"290","37.52527778 121.3861111","S270",37.52527778,121.3861111,-0.27789518,0.14862667,-0.32099524,1.4568125,-0.929217,1.1392697,0.6409368,-0.104728155,-0.2989074,0.25280875,5.246145263,5.246145263
"291","37.54305556 112.3141667","S277",37.54305556,112.3141667,0.02975892,0.34094036,-0.57610136,0.39489147,-0.9188756,0.79110295,0.70330465,-0.42244938,0.6934743,-0.3531307,4.880538078,4.880538078
"292","37.58166667 118.0441667","S50",37.58166667,118.0441667,0.2782046,0.42913115,-0.47965577,1.4081887,-0.8835715,0.8008093,0.8052695,-0.37062266,2.0257657,-1.8046665,5.466846637,5.466846637
"293","37.65305556 112.7463889","S276",37.65305556,112.7463889,0.15595502,0.3672551,-0.58984363,0.36391592,-0.90750104,0.90337974,0.70058,-0.4885981,0.80714524,-0.48890895,2.634771783,2.634771783
"294","37.757745 115.669078","S408",37.757745,115.669078,0.1741502,0.50242996,-0.5618594,0.86692995,-0.86588544,1.0283681,0.86206526,-0.38435546,0.46604604,-0.92760015,4.39770048,4.39770048
"295","37.83 -122.29","SRR7976138",37.83,-122.29,-0.15918875,-1.2192143,-0.45454493,0.016185872,-0.8399168,0.3215896,0.5041612,-0.49367318,-2.594478,-2.9995332,5.353468903,4.811559017
"296","37.87444444 114.8925","S165",37.87444444,114.8925,0.13928011,0.40919653,-0.5684807,0.7738664,-0.91045123,0.86465603,0.82567114,-0.44528466,0.6522044,-0.1175799,5.836870401,5.836870401
"297","37.9013 -109.5337","SRR6958471",37.9013,-109.5337,-0.349156,-0.13337034,-0.63394374,-0.092567995,-0.96412444,0.29142174,0.586225,0.12901801,0.49066842,-0.040967043,4.34893787,4.34893787
"298","37.91027778 114.3455556","S163",37.91027778,114.3455556,-0.16036157,0.3515811,-0.5160103,-0.18543863,-0.9913613,0.3663658,0.7891674,-0.43597165,1.0526187,-0.32376838,4.67308544,4.67308544
"299","37.9249062 -103.364487","SRR350969",37.9249062,-103.364487,1.5499601,0.20218799,-0.75075287,-0.5151408,-0.6193558,-1.2354019,1.0055355,-0.2905939,1.0632708,-0.78196615,0.031342187,0.3997889045
"300","37.931388 -122.021761","SRR5269546",37.931388,-122.021761,-0.1473965,-0.8421318,-0.6280721,-0.27467772,-0.9322124,0.5673502,0.7720673,-0.5115807,-2.8940208,-3.14773,4.375745919,4.375745919
"301","37.9525 114.7902778","S162",37.9525,114.7902778,0.13808978,0.40841922,-0.56110984,1.7641733,-0.9101511,0.76719177,0.83903104,-0.4562849,0.45326462,-0.06846097,5.689667211,5.689667211
"302","37.9813 -109.5168","SRR7976076",37.9813,-109.5168,0.7265459,0.03631549,-0.6982825,-0.001632175,-0.7665561,0.5035722,0.7645224,0.06236494,0.06941736,0.5933914,4.578508542,4.578508542
"303","38.0262 -109.5407","SRR6958124",38.0262,-109.5407,0.7834436,0.0659227,-0.72076976,0.24562818,-0.811844,0.440106,0.8212178,0.00589677,-0.5713576,1.1153332,4.188002298,4.188002298
"304","38.1087 -121.653","SRR5259839",38.1087,-121.653,0.026333166,-0.77372885,-0.67854357,0.36997303,-0.9933888,0.85034436,0.77422816,-0.5115807,1.5301962,-1.8581532,2.586143267,2.586143267
"305","38.28 16.24","SRR5195123",38.28,16.24,0.12487365,-0.6691048,-0.26315287,0.71774983,-0.9371614,1.0380188,0.78037053,0.006633424,0.38482034,-0.4791256,4.346143488,4.4929020705
"306","38.40416667 112.7461111","S279",38.40416667,112.7461111,0.01827951,0.45257288,-0.5762263,1.4626064,-0.87760866,1.0407106,0.69275856,-0.46861106,-0.21545081,-0.8276626,5.205319961,5.205319961
"307","38.714972 -109.692944","SRR4028118",38.714972,-109.692944,1.4527705,0.3046859,-0.8057219,0.15688066,-0.5777848,0.18193017,1.0511872,-0.07018581,-0.075121306,0.6200291,2.595120545,2.5988993065
"308","38.71833333 111.8375","S287",38.71833333,111.8375,-0.11755129,0.2934575,-0.04739954,0.2090186,-0.7534859,1.1753969,0.18469475,-0.36872855,0.8129046,-0.41093847,2.555277757,2.555277757
"309","38.8692 -122.4282","SRR5215207",38.8692,-122.4282,0.14047375,-0.59580225,-0.25803074,0.14658423,-0.99931914,0.6486492,0.86124265,-0.423186,0.7843866,-0.7213011,4.014791463,4.014791463
"310","38.8692 -122.4283","SRR5829696",38.8692,-122.4283,0.14047375,-0.59580225,-0.25803074,0.14658423,-0.99931914,0.6486492,0.86124265,-0.423186,0.7843866,-0.7213011,5.376209295,5.376209295
"311","38.8693 -122.4282","SRR5215204",38.8693,-122.4282,0.14047375,-0.59580225,-0.25803074,0.14658423,-0.99931914,0.6486492,0.86124265,-0.423186,0.7843866,-0.7213011,5.290528519,5.290528519
"312","38.8693 -122.4283","SRR5215203",38.8693,-122.4283,0.14047375,-0.59580225,-0.25803074,0.14658423,-0.99931914,0.6486492,0.86124265,-0.423186,0.7843866,-0.7213011,5.249346333,5.249346333
"313","38.8712 -122.4276","SRR5215213",38.8712,-122.4276,0.34370336,-0.5963569,-0.26177862,-0.021967694,-0.98025846,0.60704345,0.8563067,-0.423186,0.7807796,-0.6536249,5.620622625,5.620622625
"314","38.8722 -122.4269","SRR5215218",38.8722,-122.4269,0.34370336,-0.5963569,-0.26177862,-0.021967694,-0.98025846,0.60704345,0.8563067,-0.423186,0.7807796,-0.6536249,5.269264253,5.269264253
"315","38.8723 -122.4268","SRR5215217",38.8723,-122.4268,0.34370336,-0.5963569,-0.26177862,-0.021967694,-0.98025846,0.60704345,0.8563067,-0.423186,0.7807796,-0.6536249,5.217411592,5.217411592
"316","38.8724 -122.4268","SRR5215216",38.8724,-122.4268,0.34370336,-0.5963569,-0.26177862,-0.021967694,-0.98025846,0.60704345,0.8563067,-0.423186,0.7807796,-0.6536249,4.962493955,4.962493955
"317","38.87527 115.494457","S402",38.87527,115.494457,-0.11425464,0.4702511,-0.5061408,-0.11567321,-0.9074986,0.3830222,0.8573049,-0.41287327,-2.8940208,-3.14773,5.280831957,5.280831957
"318","38.88 -120.64","SRR3977090",38.88,-120.64,-0.7142584,-0.56448585,0.17022772,-0.25178787,-1.0595092,0.1707983,0.7154689,-0.18562514,0.73736286,0.011825697,1.926830416,1.07092151482692
"319","38.8825 -106.9105","SRR7026370",38.8825,-106.9105,-0.4929827,0.14033872,-0.4265607,3.4061716,-0.4930264,1.455824,0.41710523,0.5167973,1.0976281,-0.66698086,3.340091625,3.43050426675
"320","38.8826 -106.9101","SRR7026346",38.8826,-106.9101,-0.4929827,0.14033872,-0.4265607,3.4061716,-0.4930264,1.455824,0.41710523,0.5167973,1.0976281,-0.66698086,3.643042816,4.0207795835
"321","38.8827 -106.9107","SRR7026342",38.8827,-106.9107,-0.4929827,0.14033872,-0.4265607,3.4061716,-0.4930264,1.455824,0.41710523,0.5167973,1.0976281,-0.66698086,5.494204656,4.95294675025
"322","38.883 -106.9108","SRR7026474",38.883,-106.9108,-0.4929827,0.14033872,-0.4265607,3.4061716,-0.4930264,1.455824,0.41710523,0.5167973,1.0976281,-0.66698086,4.629643128,4.9516055915
"323","38.8856 121.5079","SRR6293899",38.8856,121.5079,-0.019733017,0.2744844,-0.38695803,1.0148704,-0.91992646,1.3460438,0.60693383,-0.27259925,-0.38623747,0.7808367,3.653148215,4.1121831395
"324","38.8924 -106.9111","SRR7026564",38.8924,-106.9111,-0.5320751,0.14523426,-0.42181337,1.576869,-0.56332964,1.3376757,0.4290878,0.5033276,1.3895369,-0.9146561,2.467659841,3.226149713
"325","38.8925 -106.9111","SRR7026479",38.8925,-106.9111,-0.5320751,0.14523426,-0.42181337,1.576869,-0.56332964,1.3376757,0.4290878,0.5033276,1.3895369,-0.9146561,4.385474757,3.2172581955
"326","38.8926 -106.9111","SRR7026559",38.8926,-106.9111,-0.5320751,0.14523426,-0.42181337,1.576869,-0.56332964,1.3376757,0.4290878,0.5033276,1.3895369,-0.9146561,1.581713953,2.46565705433333
"327","38.8927 -106.9112","SRR7026472",38.8927,-106.9112,-0.5320751,0.14523426,-0.42181337,1.576869,-0.56332964,1.3376757,0.4290878,0.5033276,1.3895369,-0.9146561,3.673552427,3.2439369925
"328","38.9134 -106.8956","SRR7011570",38.9134,-106.8956,-0.26948783,0.05762991,-0.42256296,0.4699045,-0.27930197,1.1175785,0.36906716,0.5202173,1.1782777,-1.1440302,3.674298302,3.94006393933333
"329","38.9136 -106.8951","SRR7010302",38.9136,-106.8951,-0.26948783,0.05762991,-0.42256296,0.4699045,-0.27930197,1.1175785,0.36906716,0.5202173,1.1782777,-1.1440302,4.47325597,4.021270009
"330","38.9137 -106.8949","SRR7010528",38.9137,-106.8949,-0.26948783,0.05762991,-0.42256296,0.4699045,-0.27930197,1.1175785,0.36906716,0.5202173,1.1782777,-1.1440302,3.091437963,2.90351043875
"331","38.9138 -106.8952","SRR7011568",38.9138,-106.8952,-0.26948783,0.05762991,-0.42256296,0.4699045,-0.27930197,1.1175785,0.36906716,0.5202173,1.1782777,-1.1440302,4.588438762,4.654683932
"332","38.9203 -106.9486","SRR7011725",38.9203,-106.9486,-0.054162353,0.090521365,-0.40982014,-0.12138231,-0.017892987,0.4709621,0.4141265,0.5196912,1.5456802,-1.0694515,3.967810777,4.20807136625
"333","38.9203 -106.9495","SRR7011960",38.9203,-106.9495,-0.054162353,0.090521365,-0.40982014,-0.12138231,-0.017892987,0.4709621,0.4141265,0.5196912,1.5456802,-1.0694515,4.158091462,4.29544865
"334","38.9205 -106.9513","SRR7011942",38.9205,-106.9513,-0.15409526,0.07703349,-0.4139428,0.073264666,-0.06609923,0.47693554,0.41028744,0.5211644,1.453236,-0.9840584,3.177278446,3.658748702
"335","38.9206 -106.9489","SRR8553626",38.9206,-106.9489,-0.054162353,0.090521365,-0.40982014,-0.12138231,-0.017892987,0.4709621,0.4141265,0.5196912,1.5456802,-1.0694515,4.905801817,5.048401393
"336","38.9206 -106.9514","SRR7011991",38.9206,-106.9514,-0.15409526,0.07703349,-0.4139428,0.073264666,-0.06609923,0.47693554,0.41028744,0.5211644,1.453236,-0.9840584,3.16032207,3.084123495
"337","38.92111111 117.5336111","S315",38.92111111,117.5336111,-0.2841355,0.4323328,-0.49814534,0.32563695,-0.9202044,1.0409838,0.7630181,-0.41410974,1.9359292,-1.7125379,4.807020478,4.807020478
"338","38.9223 -106.9536","SRR7026313",38.9223,-106.9536,-0.15409526,0.07703349,-0.4139428,0.073264666,-0.06609923,0.47693554,0.41028744,0.5211644,1.453236,-0.9840584,3.0511281,3.399656976
"339","38.9223 -106.954","SRR7026237",38.9223,-106.954,-0.15409526,0.07703349,-0.4139428,0.073264666,-0.06609923,0.47693554,0.41028744,0.5211644,1.453236,-0.9840584,3.810722489,3.2292299245
"340","38.9225 -106.9538","SRR7026201",38.9225,-106.9538,-0.15409526,0.07703349,-0.4139428,0.073264666,-0.06609923,0.47693554,0.41028744,0.5211644,1.453236,-0.9840584,3.169275091,3.168850799
"341","38.9228 -106.9541","SRR7026338",38.9228,-106.9541,-0.15409526,0.07703349,-0.4139428,0.073264666,-0.06609923,0.47693554,0.41028744,0.5211644,1.453236,-0.9840584,3.371304373,3.49417075975
"342","38.9354 -106.9424","SRR7015786",38.9354,-106.9424,-0.011770834,0.051406693,-0.4185652,0.2766526,0.00120308,0.8358929,0.38071588,0.5026962,1.2620369,-1.0384382,3.362468315,3.4372951415
"343","38.9355 -106.9424","SRR7012999",38.9355,-106.9424,-0.011770834,0.051406693,-0.4185652,0.2766526,0.00120308,0.8358929,0.38071588,0.5026962,1.2620369,-1.0384382,3.170338557,3.39757151675
"344","38.9362 -106.9425","SRR7015784",38.9362,-106.9425,-0.011770834,0.051406693,-0.4185652,0.2766526,0.00120308,0.8358929,0.38071588,0.5026962,1.2620369,-1.0384382,3.816320363,4.00578367
"345","38.9365 -106.9428","SRR7015886",38.9365,-106.9428,-0.011770834,0.051406693,-0.4185652,0.2766526,0.00120308,0.8358929,0.38071588,0.5026962,1.2620369,-1.0384382,4.194432961,4.28890394825
"346","38.9763 -107.0041","SRR7027366",38.9763,-107.0041,-0.58279395,-0.011622106,-0.3960779,1.0575849,-0.41614836,0.9449865,0.34548455,0.5403166,0.8095858,-0.42212644,3.503100789,3.473806766
"347","38.9765 -107.0043","SRR7027364",38.9765,-107.0043,-0.58279395,-0.011622106,-0.3960779,1.0575849,-0.41614836,0.9449865,0.34548455,0.5403166,0.8095858,-0.42212644,1.999963594,2.0149306305
"348","38.9767 -107.0044","SRR7026570",38.9767,-107.0044,-0.58279395,-0.011622106,-0.3960779,1.0575849,-0.41614836,0.9449865,0.34548455,0.5403166,0.8095858,-0.42212644,4.230084089,4.513067185
"349","38.9821 -107.0102","SRR7011997",38.9821,-107.0102,-0.69608283,-0.024264628,-0.42031422,1.3475567,-0.54467386,1.1167954,0.33404106,0.55862695,0.886174,-0.54381466,3.689334795,3.88860794166667
"350","38.9825 -107.0101","SRR7011999",38.9825,-107.0101,-0.69608283,-0.024264628,-0.42031422,1.3475567,-0.54467386,1.1167954,0.33404106,0.55862695,0.886174,-0.54381466,2.527760689,2.55505892375
"351","38.9827 -107.0102","SRR7012453",38.9827,-107.0102,-0.69608283,-0.024264628,-0.42031422,1.3475567,-0.54467386,1.1167954,0.33404106,0.55862695,0.886174,-0.54381466,3.139436863,3.101859611
"352","38.98472222 117.15","S312",38.98472222,117.15,-0.05156787,0.43388245,-0.50114363,2.3105328,-0.914258,0.52759,0.7658042,-0.39266875,1.4583402,-1.4192375,5.518606316,5.518606316
"353","38.9866 -107.0007","SRR7026199",38.9866,-107.0007,-0.5890181,0.009188576,-0.4256862,0.80255723,-0.4124018,0.93834126,0.36165237,0.5104834,0.75345665,-0.32498613,3.073617116,3.175536196
"354","38.987 -107.0038","SRR7015892",38.987,-107.0038,-0.5890181,0.009188576,-0.4256862,0.80255723,-0.4124018,0.93834126,0.36165237,0.5104834,0.75345665,-0.32498613,3.100686186,3.15945039575
"355","38.9871 -107.0011","SRR7026235",38.9871,-107.0011,-0.5890181,0.009188576,-0.4256862,0.80255723,-0.4124018,0.93834126,0.36165237,0.5104834,0.75345665,-0.32498613,4.111964438,3.97808157
"356","38.99297339 -123.0674491","SRR3954470",38.99297339,-123.0674491,0.33071572,-0.70910615,-0.24578765,0.04884533,-0.98511577,0.7780793,0.8830813,-0.46543658,1.0365123,-0.42266583,4.102437138,3.811961589125
"357","38.99638889 117.1397222","S313",38.99638889,117.1397222,-0.16387548,0.43515748,-0.49239856,NA,-0.92248386,NA,0.7702354,-0.34510398,1.4673272,-1.37158,5.692369608,5.692369608
"358","39.0042816 -77.1012173","SRR4027567",39.0042816,-77.1012173,-0.1967951,-0.025248073,0.06578663,0.75666755,-0.97947437,0.9586964,0.79324925,1.9855705,-2.3699658,-2.7465491,5.546737951,5.33348008673333
"359","39.04416667 117.6555556","S321",39.04416667,117.6555556,-0.21386749,0.4557184,-0.5121374,NA,-0.8469092,NA,0.7931264,-0.42627978,-2.8219986,-3.1185868,4.859176092,4.859176092
"360","39.05 -99.1","SRR6201927",39.05,-99.1,1.0319567,0.28861266,-0.50963885,-0.30194023,-0.8822163,0.13231936,0.9272778,-0.048097666,0.90318036,-2.2498052,2.866696285,2.866696285
"361","39.070856 -96.582821","SRR6201908",39.070856,-96.582821,0.60869116,0.28822127,-0.21080738,-0.25131533,-0.91850674,0.12833428,0.85054815,0.22872518,2.2840986,-2.6665218,3.492392779,3.492392779
"362","39.07361111 117.1497222","S317",39.07361111,117.1497222,-0.27721664,0.4374878,-0.4955218,0.20823279,-0.9309484,0.80103797,0.797723,-0.38782808,1.3658707,-1.6364788,5.509662468,5.509662468
"363","39.0844 -86.4705","SRR8558718",39.0844,-86.4705,0.008181191,0.09600491,0.22244827,-0.1120211,-1.0215034,0.28950378,0.7431099,1.8640279,3.3270104,-2.4634433,4.460468867,4.82402836775
"364","39.11283 117.206366","S400",39.11283,117.206366,-0.31424427,0.44466117,-0.46478915,-0.22805943,-0.92580754,0.2389677,0.8159968,-0.3320552,-2.8940208,-3.14773,5.544078981,5.544078981
"365","39.211666 -96.594768","SRR4027110",39.211666,-96.594768,0.640853,0.31550142,-0.22429977,0.28116676,-0.86286044,0.7321917,0.87886924,0.19699778,2.2074316,-2.4451113,3.185025752,2.75760548185
"366","39.214012 -96.585283","SRR4027089",39.214012,-96.585283,0.4814555,0.31750384,-0.22192611,1.3242712,-0.8780145,1.2913578,0.87943494,0.20268033,2.1428995,-2.4343293,2.870504326,3.34236020535294
"367","39.21916667 117.1230556","S318",39.21916667,117.1230556,-0.08537947,0.44917575,-0.48940027,2.62169,-0.9130046,1.5050664,0.79905015,-0.41174203,-0.020269416,-1.5747193,5.461429852,5.461429852
"368","39.22027778 113.3891667","S285",39.22027778,113.3891667,0.5385962,0.4836878,-0.5969646,1.0718249,-0.8410305,0.8051967,0.647847,-0.45633402,0.30936164,0.30055168,4.333242277,4.333242277
"369","39.22416667 113.3980556","S286",39.22416667,113.3980556,0.50771695,0.48714945,-0.5969646,0.6642165,-0.846363,0.62567276,0.64968973,-0.45633402,0.2814973,0.40163025,4.805001475,4.805001475
"370","39.23550963 -121.2836963","SRR3982751",39.23550963,-121.2836963,0.4186028,-0.47861156,-0.33623666,0.26718143,-0.9466674,0.8632517,0.9632747,-0.41749218,0.7299922,-0.28267306,2.732386369,2.732386369
"371","39.27666667 117.4744444","S324",39.27666667,117.4744444,0.04330195,0.46104634,-0.46516395,5.0834093,-0.90093005,1.3697968,0.7526527,-0.40661198,0.77378345,-1.0108626,5.796506799,5.796506799
"372","39.53 -107.78","SRR3969602",39.53,-107.78,0.11419258,0.10734275,-0.7056533,1.8802979,-0.77097535,1.3348666,0.8540033,0.14585511,0.8880051,-1.0647153,5.719705557,6.67494666582353
"373","39.534762 -107.782602","SRR3989309",39.534762,-107.782602,0.17223981,0.10766294,-0.7051536,1.3566544,-0.77712977,1.1069237,0.86042,0.13920294,1.1107486,-1.1624439,5.931424314,6.3076730013
"374","39.54694444 117.0319444","S325",39.54694444,117.0319444,0.15320867,0.45806986,-0.47191012,1.2152829,-0.93475443,1.3351376,0.76532143,-0.45933312,0.7923946,-0.5500514,5.559625089,5.559625089
"375","39.55 -107.97","SRR4030041",39.55,-107.97,-0.19838427,-0.09247297,-0.5839719,-0.058597762,-0.5822615,0.5766922,0.5424161,0.28102535,0.95910776,-0.6558836,5.128640959,5.4547666372
"376","39.5673 -123.4758","SRR6266480",39.5673,-123.4758,-0.011440807,-0.8468106,0.30427712,0.0068061,-1.0300149,0.6973354,0.70477444,-0.3071679,0.26893058,-0.2934919,3.901275963,4.8491964218
"377","39.58 -0.36","SRR5195112",39.58,-0.36,0.54745114,-0.7818992,-0.61745304,0.12892231,-0.8643509,0.7076741,0.73768044,-0.035722416,0.09274501,-0.9743231,5.352883308,5.352883308
"378","39.61111111 117.025","S326",39.61111111,117.025,0.21539311,0.46680304,-0.47028604,0.40245122,-0.9211956,0.60891914,0.76071465,-0.45633402,0.7495404,-0.48914084,4.485282534,4.485282534
"379","39.63138889 116.585","S77",39.63138889,116.585,0.27148268,0.47332972,-0.46753758,2.1111631,-0.91069406,1.0948026,0.76532143,-0.4784327,0.69861966,-0.25180015,5.299182145,5.299182145
"380","39.6475 -79.9369","SRR8874670",39.6475,-79.9369,0.083636984,-0.021466747,0.17997223,0.98294425,-0.9787936,1.2284081,0.7049499,1.8349838,1.8501409,-1.4510562,4.370948029,5.07616063077778
"381","39.7181 -123.6527","SRR5213075",39.7181,-123.6527,-0.7799974,-0.977463,0.5345223,0.15919581,-1.0904324,0.7630518,0.5826931,-0.27512482,0.70773023,-0.7569748,3.434931337,3.94904485433333
"382","39.718176 -123.652732","SRR3989449",39.718176,-123.652732,-0.7799974,-0.977463,0.5345223,0.15919581,-1.0904324,0.7630518,0.5826931,-0.27512482,0.70773023,-0.7569748,3.928787134,3.928787134
"383","39.7291 -123.6419","SRR5467141",39.7291,-123.6419,-0.78800386,-0.95807993,0.5382702,0.29304662,-1.0916488,0.92105323,0.5956361,-0.27696636,0.75941664,-0.7909094,3.450536547,3.895699067
"384","39.73825 -123.6301","SRR5256712",39.73825,-123.6301,-0.76433194,-0.9392946,0.51365906,0.057439473,-1.0903286,0.7598254,0.6132957,-0.27954453,0.86729187,-0.7277922,3.863232986,4.0241923076
"385","39.7392 -123.6308","SRR5204862",39.7392,-123.6308,-0.76433194,-0.9392946,0.51365906,0.057439473,-1.0903286,0.7598254,0.6132957,-0.27954453,0.86729187,-0.7277922,4.111788093,4.22378932006557
"386","39.929738 116.401988","S405",39.929738,116.401988,-0.37715718,0.46244392,-0.44917294,-0.4065807,-0.95178694,-0.30440417,0.8067831,-0.41802964,-2.8940208,-3.14773,5.460865021,5.460865021
"387","39.938258 116.414341","S401",39.938258,116.414341,-0.4031706,0.46378973,-0.4519214,-0.39537275,-0.963934,-0.16875145,0.8067831,-0.423186,-2.8940208,-3.14773,5.141872134,5.2474146085
"388","4.0627 -73.195","SRR7004200",4.0627,-73.195,0.5779409,-1.6867224,1.2835999,-0.21002689,-0.95202965,0.5196721,0.9020133,1.4076374,-0.23667726,-0.3660146,4.738513183,4.45275414575
"389","4.2396 -73.2024","SRR7004206",4.2396,-73.2024,0.42059976,-1.6926386,1.6231583,-0.12623219,-0.9617718,0.6959146,0.9032417,1.3691751,-0.1279443,-0.02841205,2.841893118,2.865131996125
"390","40.4449 -87.0297","SRR7686989",40.4449,-87.0297,0.122950755,0.23465304,0.08177761,0.13362359,-0.926061,0.75904197,0.7310774,1.1679193,1.8225223,-1.5277578,5.315246028,4.85393740566667
"391","40.7999 -76.3402","SRR5579859",40.7999,-76.3402,0.00380181,0.056192104,0.3748623,0.33303818,-1.0204833,0.8440809,0.60549474,1.8834255,0.42078224,0.28543726,5.099994103,4.43256345127273
"392","40.801167 -76.3429","SRR7882662",40.801167,-76.3429,-0.02208474,0.05426062,0.38797992,0.6477159,-1.003921,1.0215776,0.592657,1.9122521,0.42026222,0.38044366,5.195045885,4.3493348275
"393","41.01583333 122.405","S256",41.01583333,122.405,0.07975367,0.70445865,-0.34373242,0.81229067,-0.85813504,0.9409166,0.6409368,-0.37898862,0.9167784,-1.5399973,5.348825925,4.637001765
"394","41.12916667 124.1422222","S252",41.12916667,124.1422222,-0.35966066,0.7390044,0.1163831,1.8453366,-1.006013,1.1021096,0.56937706,-0.27659807,1.0404758,-0.2771501,3.186994543,3.186994543
"395","41.136 -111.9047","SRR6958472",41.136,-111.9047,0.24459812,0.12401611,-0.53837264,1.7633121,-0.7187743,1.0516808,0.8038655,0.2069948,0.5397249,-0.93667495,5.231963208,5.231963208
"396","41.6380873 -93.7753044","SRR350919",41.6380873,-93.7753044,0.4325435,0.49470034,-0.07151094,2.5628488,-0.7628707,0.9248097,0.76927024,0.29344273,1.4652162,-2.142158,5.219546283,5.5765674442
"397","41.64166667 123.6147222","S264",41.64166667,123.6147222,0.09281949,0.8360355,-0.20893344,0.45016453,-0.71482885,0.9124619,0.6455436,-0.357153,1.2335877,-0.95474654,5.336112637,5.336112637
"398","41.7655 -111.8143","SRR5687767",41.7655,-111.8143,0.16943464,0.16096088,-0.56535745,3.7612603,-0.6257139,1.4889237,0.82119125,0.2936119,1.4035145,-1.724923,3.744765837,4.51230673033333
"399","41.77083333 123.4386111","S263",41.77083333,123.4386111,-0.5287159,0.84953433,-0.23291992,0.20392801,-0.88504535,0.85281044,0.70543253,-0.3237419,-2.8940208,-3.14773,4.987132371,4.987132371
"400","41.77111111 123.4375","S260",41.77111111,123.4375,-0.5287159,0.84953433,-0.23291992,0.20392801,-0.88504535,0.85281044,0.70543253,-0.3237419,-2.8940208,-3.14773,3.894106743,4.059589767
"401","41.84722222 124.9333333","S253",41.84722222,124.9333333,-0.2075828,0.8648478,0.05966508,-0.19771715,-1.0306883,0.42241806,0.53842354,-0.31169286,0.880113,-0.43099254,3.695111787,3.695111787
"402","41.9167 -93.75","SRR8270004",41.9167,-93.75,0.5635643,0.49610808,-0.0675132,-0.10081984,-0.7009354,0.7066767,0.71925306,0.22872518,0.53914857,-0.41285953,3.161064002,3.02853289133333
"403","41.91833333 123.6008333","S261",41.91833333,123.6008333,-0.24833894,0.85945606,-0.25415793,1.2425115,-0.84086937,1.1731983,0.6468598,-0.39293185,1.4304829,-0.8334382,4.404734703,3.9100723605
"404","42.3938 -85.3708","SRR6184671",42.3938,-85.3708,-0.023464855,0.22885531,0.08877367,2.3047392,-0.8531247,1.1156542,0.68193763,1.0614773,-0.61543584,1.1044692,5.597026698,5.67853154025
"405","42.3948 -85.3738","SRR3988231",42.3948,-85.3738,-0.023464855,0.22885531,0.08877367,2.3047392,-0.8531247,1.1156542,0.68193763,1.0614773,-0.61543584,1.1044692,4.366545727,4.3437154208
"406","42.406189 -85.40016","SRR4027666",42.406189,-85.40016,-0.4351318,0.22556388,0.08802409,NA,-0.8291437,NA,0.6823983,1.0655779,-0.7425012,0.83581185,3.961942443,4.34441053135714
"407","42.43138889 128.1169444","S215",42.43138889,128.1169444,-0.07120795,0.87916726,-0.024412502,1.4138343,-0.86885244,1.137631,0.49976996,-0.2970769,1.6540787,-1.4691159,2.883699929,2.883699929
"408","42.4531 -76.3842","SRR6476469",42.4531,-76.3842,0.038577296,0.1177797,0.2889108,0.6443334,-0.97323364,1.0351635,0.54717654,1.5743245,1.824149,-1.1799805,4.762689773,5.03156349922222
"409","42.481016 -72.178343","SRR7093038",42.481016,-72.178343,-0.14543824,0.15288861,0.44819596,0.06480298,-1.008677,0.9665566,0.5942102,2.1785393,-0.034293473,1.1039896,5.490350738,5.50564044569231
"410","42.532967 -72.209488","SRR4022091",42.532967,-72.209488,-0.34478423,0.17214236,0.40372103,-0.07907763,-1.0430748,0.8328311,0.61149687,2.1195834,-0.079698816,1.1622063,2.367168652,2.367168652
"411","42.550409 -72.180244","SRR4021130",42.550409,-72.180244,-0.23817241,0.16994488,0.42945653,-0.29479867,-1.0450592,0.07248385,0.5862689,2.2337072,-0.026293878,1.2341527,2.981876289,2.32347166025
"412","42.673 -77.032","SRR8439256",42.673,-77.032,0.28584555,0.13584006,0.069909304,0.015667586,-0.7814672,0.6414954,0.6248128,1.0519012,1.2390457,-0.74082774,4.421190432,5.6588735958
"413","42.794771 -84.393804","SRR4027795",42.794771,-84.393804,0.009236359,0.2161011,-0.018665742,0.9614837,-0.9387875,1.1374222,0.6397902,0.8370775,0.39767182,-0.1974922,3.973005887,3.84907585185714
"414","42.94444444 128.4455556","S213",42.94444444,128.4455556,0.02482249,0.8739454,-0.10299318,0.42909807,-0.6872249,0.9956034,0.48192894,-0.35453275,1.1406261,-0.9826474,3.091426763,3.091426763
"415","42.98 -81.24","SRR3747750",42.98,-81.24,-0.091579616,0.22940269,0.2677977,1.1962229,-0.8546534,1.0731674,0.62020594,1.7590591,-1.0303578,-1.9408872,3.618746659,3.57552020566667
"416","43 -92.5","SRR5678805",43,-92.5,0.2855033,0.5729451,0.06378776,0.59333503,-0.6277219,1.0710309,0.67734104,0.30479378,0.85873204,-0.5497159,6.217879124,5.18363756741667
"417","43.2167 116.2333","SRR8205298",43.2167,116.2333,1.2167234,1.1331179,-0.60346097,-0.092653565,-0.4775064,0.5611991,0.5395862,-0.47589585,-0.29806462,0.6061652,4.120533836,3.9800863163125
"418","43.26583333 88.150153","S381",43.26583333,88.150153,-0.091234155,0.7852391,-0.8265851,-0.5252115,-0.83897245,-1.6643653,0.7104562,-0.43423533,1.0712414,-0.66333723,3.894588205,3.894588205
"419","43.3 -89.38","SRR3989460",43.3,-89.38,0.33550948,0.45609072,0.03442931,0.0529715,-0.53187406,0.90736717,0.6510718,0.5160081,2.3488603,-2.2143972,2.70903633,3.80615131129545
"420","43.303333 -89.3325","SRR4026205",43.303333,-89.3325,0.32467732,0.4537217,0.04055086,0.28577647,-0.5248898,0.840292,0.6504575,0.53810674,2.953182,-2.4810214,3.544828696,3.5643596236
"421","43.303611 -89.332778","SRR4026198",43.303611,-89.332778,0.32467732,0.4537217,0.04055086,0.28577647,-0.5248898,0.840292,0.6504575,0.53810674,2.953182,-2.4810214,3.043409979,2.962439626
"422","43.312222 -89.370833","SRR4027028",43.312222,-89.370833,0.26909167,0.45589396,0.044423677,0.3128183,-0.5623515,0.84202117,0.64932775,0.52350587,2.7231839,-2.2733536,4.305979283,4.57488943664706
"423","43.42 -89.32","SRR3989702",43.42,-89.32,0.035768013,0.46135125,0.050295364,-0.037188347,-0.7116129,0.50056136,0.6564026,0.5205744,2.6704552,-2.2305295,2.357691501,2.4743934665
"424","43.42 -89.33","SRR3989700",43.42,-89.33,0.07845144,0.4616726,0.04879621,-0.0810676,-0.6917472,0.56004924,0.6593641,0.5160081,2.6019495,-2.162868,2.599960525,2.599960525
"425","43.42 89.32","SRR3989699",43.42,89.32,-0.61101747,0.09750843,-0.4734093,-0.27148473,-0.8903438,0.46159765,-0.002869611,-0.48553583,0.7625669,-0.40208352,1.465664164,1.850630895
"426","43.42 89.33","SRR3989686",43.42,89.33,-0.61101747,0.09750843,-0.4734093,-0.27148473,-0.8903438,0.46159765,-0.002869611,-0.48553583,0.7625669,-0.40208352,3.029305932,3.029305932
"427","43.43 -89.41","SRR3989606",43.43,-89.41,0.16385652,0.45800036,0.046047762,0.09424951,-0.68692863,0.85935783,0.66827065,0.4939094,0.54931605,-0.56354964,2.291624102,2.291624102
"428","43.44 -92.38","SRR4241755",43.44,-92.38,0.26940086,0.60012805,0.07378212,-0.17198075,-0.49696583,0.35019317,0.6409368,0.28397188,1.5432705,-1.3537894,3.476412598,3.476412598
"429","43.86305556 84.030165","S380",43.86305556,84.030165,-0.31555724,0.36631736,0.030806357,7.742699,0.18602581,1.336853,-0.119803466,-0.39855048,0.894119,-0.4829841,4.307837672,4.307837672
"430","43.9077478 -89.4564398","SRR350471",43.9077478,-89.4564398,-0.07299832,0.47773355,0.029182272,0.267121,-0.84435976,0.9083652,0.65475726,0.3713354,0.34478438,-0.045899045,4.15774561,3.936686531875
"431","44.20517707 -122.1284473","SRR6201865",44.20517707,-122.1284473,-0.8776366,-0.74775404,0.9263013,1.0956917,-1.0147628,1.1988571,0.4618841,0.848225,0.64054775,0.4206838,0.533394585,0.533394585
"432","44.23 -122.22","SRR7968240",44.23,-122.22,-0.99551654,-0.64404476,0.8208608,0.01982158,-1.1095592,0.73677754,0.612144,0.7539635,0.77962387,0.0861169,2.895019631,2.96294810502941
"433","44.4668 -109.6253","SRR7976139",44.4668,-109.6253,-0.40010652,-0.15004854,-0.5462432,0.17865524,-0.76501375,0.95851976,0.568708,0.1758462,0.95359623,-0.44900692,4.221244186,4.221244186
"434","44.54944444 129.7413889","S180",44.54944444,129.7413889,-0.17700903,1.1080354,-0.27989343,1.8923408,-0.62824106,1.1592265,0.6028535,-0.4334987,0.6604707,-0.86350775,5.163997742,5.163997742
"435","44.5508 -123.25","SRR8862977",44.5508,-123.25,-0.38768083,-0.7511461,0.29415783,11.362709,-0.99845105,1.3423594,0.649229,0.20387647,2.4980137,-2.784531,3.404141515,3.404141515
"436","44.575 129.7","S179",44.575,129.7,-0.16186404,1.1258035,-0.289513,1.1897211,-0.7081738,1.2686541,0.61713475,-0.43423533,0.7441097,-1.0055951,5.703612085,5.703612085
"437","44.9 -92.98","SRR7629275",44.9,-92.98,-0.1817972,0.65358627,-0.065389395,3.9930954,-0.64692694,0.8913182,0.67809856,0.15137978,0.6233917,0.20223406,2.644103202,2.644103202
"438","44.9059497 -92.9894484","SRR7629280",44.9059497,-92.9894484,-0.2109464,0.6544629,-0.06963699,1.2829243,-0.7582925,0.9796835,0.68209124,0.15280041,0.42224973,0.51950604,3.944663743,3.944663743
"439","44.95 -92.98","SRR7629274",44.95,-92.98,-0.37795356,0.66701275,-0.0552701,1.010131,-0.7401433,0.8878454,0.6909978,0.16721718,0.765411,0.06764294,1.34074661,1.34074661
"440","44.9564628 -92.9913765","SRR7629279",44.9564628,-92.9913765,-0.21913962,0.6668137,-0.051397283,1.1412399,-0.7775608,1.0379648,0.6876194,0.1787822,-0.97715014,-1.6434728,4.218087677,4.218087677
"441","45.0125 124.9825","S211",45.0125,124.9825,-0.05280882,1.2479367,-0.45841774,1.4969196,-0.60328364,0.82831395,0.6376462,-0.48948205,0.27296585,-0.1784782,5.464895752,5.464895752
"442","45.02 -93.14","SRR7629278",45.02,-93.14,-0.3190942,0.6882841,-0.087252066,0.16322815,-0.8098609,0.8987932,0.704845,0.17347847,-0.3776233,1.049838,1.097615747,1.097615747
"443","45.0822 -123.061","SRR8863040",45.0822,-123.061,-0.21184139,-0.7554468,0.21033011,5.3201494,-1.0168384,1.3084778,0.6363299,0.07403439,2.5842285,-2.010994,3.433282815,3.433282815
"444","45.09 -93.13","SRR7629277",45.09,-93.13,-0.309877,0.67675,-0.07913164,1.098515,-0.77917194,1.0641071,0.68552446,0.18097626,-0.287011,1.0254098,2.456442114,2.456442114
"445","45.11861111 124.4161111","S212",45.11861111,124.4161111,0.14522979,1.2650985,-0.49939463,0.9023,-0.54751307,1.2372324,0.67318463,-0.48948205,-0.14752345,0.43249443,4.360009289,4.360009289
"446","45.15 -92.8","SRR7629276",45.15,-92.8,-0.2772151,0.65358186,-0.021039404,1.4434263,-0.7300496,0.9631093,0.6607564,0.18452781,-0.75106066,1.677159,2.863157507,2.863157507
"447","45.2639 -110.8632","SRR6958552",45.2639,-110.8632,0.22643949,-0.022583311,-0.49389774,7.5506563,-0.6350989,1.2805169,0.68491334,0.23120561,0.9889802,-0.8372274,5.413927922,5.413927922
"448","45.41 126.45","SRR5152881",45.41,126.45,-0.08723386,1.3893086,-0.3635962,-0.21672685,-0.4254471,0.16324319,0.60967165,-0.44454807,1.3680738,-1.4506054,4.258304189,4.258304189
"449","45.54 -73.72","SRR5207342",45.54,-73.72,-0.42868987,NA,NA,0.37753177,-0.823977,0.8900577,NA,NA,-2.8940208,-3.14773,3.600518572,2.854818191
"450","45.5468 -122.376","SRR8863102",45.5468,-122.376,-0.21949084,-0.7016399,0.5908655,0.97843504,-1.0228264,1.0902221,0.6286518,0.706425,1.250194,-0.82165337,3.972117837,3.972117837
"451","45.654 -122.839","SRR8863074",45.654,-122.839,-0.33829618,-0.77622116,0.32126755,2.396928,-1.0113344,1.2257187,0.5492386,0.3157519,1.7735693,-1.598374,3.883020417,3.883020417
"452","45.6996 -121.669","SRR8863101",45.6996,-121.669,-1.0699811,-0.5067653,0.21632673,0.39755103,-1.0820072,0.6634091,0.59416634,0.14764404,1.486681,-0.9428771,4.005935449,4.005935449
"453","45.74666667 126.5930556","S182",45.74666667,126.5930556,-0.48341182,1.281326,-0.33711115,-0.3325266,-0.7891233,-0.19013919,0.6998429,-0.41444474,-2.8940208,-3.14773,5.509481037,5.509481037
"454","45.9233 -120.701","SRR8863177",45.9233,-120.701,-0.29296756,-0.39213124,-0.5416208,-0.31623685,-0.9839067,-0.014093101,0.6539895,-0.24639653,0.82028455,0.23378338,2.896558345,2.896558345
"455","46.42 -83.37","SRR3984885",46.42,-83.37,-0.5056376,0.40405643,0.39272726,0.44579008,-1.010087,1.0497497,0.5073382,1.2551866,0.20057467,0.15589136,4.120910076,3.21790789838095
"456","46.61 -94.16","SRR7629281",46.61,-94.16,-0.5610048,0.7183737,-0.025536867,2.8839018,-0.6783682,1.3635256,0.6031196,0.06499847,-0.82374746,1.4952631,3.143559046,3.447986665
"457","46.61055556 126.8816667","S187",46.61055556,126.8816667,-0.062449284,1.4352438,-0.3436075,0.32520786,-0.45495826,0.7344305,0.6132957,-0.44528466,1.16239,-1.241641,4.359238442,4.359238442
"458","46.6253 -120.532","SRR8863176",46.6253,-120.532,0.022965562,-0.0966679,-0.76911753,1.3647922,-0.88369423,0.9737289,0.8046442,-0.2905939,0.7720016,0.1379688,2.891579734,2.891579734
"459","46.6992 -120.899","SRR8863178",46.6992,-120.899,-0.26029888,-0.2492068,-0.52812845,0.5470111,-0.8816104,0.9942309,0.62830377,-0.20273934,0.7659941,0.09552829,5.08315505,5.08315505
"460","47.20055556 124.2113889","S185",47.20055556,124.2113889,-0.57516253,1.3211284,-0.48227927,1.198184,-0.532399,0.8508774,0.61318606,-0.49958432,0.03686377,0.16167198,4.397306516,4.397306516
"461","47.29444444 129.4255556","S188",47.29444444,129.4255556,-0.23511705,1.377567,-0.17220415,1.7015152,-0.674465,1.1949837,0.5770552,-0.37898862,0.81156176,-1.0396968,3.568693073,3.568693073
"462","47.32388889 124.0875","S186",47.32388889,124.0875,0.13748895,1.3490249,-0.49901983,1.1823988,-0.6477017,0.90814155,0.63715255,-0.4950067,-0.22713982,-0.28952762,4.837961099,4.837961099
"463","47.32861111 124.0794444","S184",47.32861111,124.0794444,0.114542834,1.3456774,-0.5010187,1.3129144,-0.65710986,1.0470587,0.6397851,-0.49776906,-0.23238255,-0.29177737,4.818396184,4.818396184
"464","47.34777778 81.284477","S379",47.34777778,81.284477,-0.14475961,0.50918996,-0.43468112,0.03375763,-0.07679195,0.8024725,0.38582727,0.1366473,0.9605113,-0.6461824,3.340965536,3.340965536
"465","47.35222222 87.843463","S383",47.35222222,87.843463,0.13121502,1.1720184,-0.81059414,2.2148998,-0.5439633,1.4145454,0.7658743,-0.34790313,0.17360319,0.24336873,3.891734182,3.891734182
"466","47.368768 123.926294","S403",47.368768,123.926294,-0.18779643,1.3270291,-0.51588535,1.5133613,-0.6661598,1.3206325,0.65393466,-0.5115807,-0.3731969,0.07903744,4.89072412,4.89072412
"467","47.5302 -121.825","SRR8863179",47.5302,-121.825,-0.43848017,-0.79006594,0.9651544,1.8540306,-1.0531693,1.1431991,0.49647927,1.1327981,0.8132592,0.22959335,3.993213991,3.993213991
"468","47.6684 -121.924","SRR8863203",47.6684,-121.924,-0.3478482,-0.7964164,0.660826,1.3783402,-1.0405526,1.301457,0.49746647,0.98126435,0.46993047,0.5104623,3.762107087,3.762107087
"469","48.4473 -122.323","SRR8863180",48.4473,-122.323,-0.1845455,-0.79547936,0.31751966,1.7893668,-0.9516849,0.9700925,0.49582124,0.88210964,-1.428952,-2.0552795,4.16627322,4.16627322
"470","49.0448 13.618","SRR7591063",49.0448,13.618,-0.91954565,-0.5377357,1.357808,-0.27875185,-1.029471,-0.29508466,0.17380282,2.480739,0.7204863,-0.25108197,1.693310175,1.693310175
"471","49.08 -89.38","SRR6202049",49.08,-89.38,-0.72287893,0.8730965,0.31776953,0.37128043,-0.8846356,0.8253346,0.47278702,0.67898583,0.18103802,0.49745882,2.560742001,2.6847109236
"472","49.53792222 123.2048389","S61_BDMS190062396",49.53792222,123.2048389,-0.10510692,1.2892908,-0.27751976,0.24539591,-0.99332213,0.23766728,0.5092687,-0.4823789,0.9966832,-0.56735873,0.715047399,1.96560582
"473","50.131881 11.881046","SRR5214707",50.131881,11.881046,-0.7644269,-0.49700505,0.94304186,-0.19093132,-1.0146735,0.7737251,0.26350468,1.9196128,1.3212479,-1.2839866,5.2988407,5.0009730185625
"474","50.14667 12.45083","SRR2029815",50.14667,12.45083,0.13293542,-0.41589394,-0.007547014,0.044602096,-0.86049145,0.45173872,0.4112088,0.5634466,1.0206054,-0.73108155,2.210733564,1.41480959666667
"475","50.28 -107.8","SRR7013837",50.28,-107.8,-0.028349685,0.55541134,-0.5247553,4.0441356,-0.47659242,1.2632587,0.5423503,-0.036459025,0.40280622,-1.1227484,4.138138882,3.7695505915
"476","50.8 8.812","SRR5035371",50.8,8.812,-0.20447984,-0.53712314,0.19683772,0.43776116,-1.0297213,0.9956041,0.41103336,1.1082529,2.1309543,-1.5803456,2.889695586,2.889695586
"477","51.62 -128.09","SRR5208282",51.62,-128.09,-0.5502406,-0.9782566,3.9119925,-0.29280055,-1.0443426,0.06759495,0.17103875,3.600691,1.873174,-1.1627278,4.958378184,3.7972502494
"478","51.725 122.02","S41_BDMS190062376",51.725,122.02,-0.42136118,1.5722753,-0.13472529,-0.3348903,-0.9191218,0.20335579,0.42425063,-0.44528466,0.80643386,-0.24298495,2.27518818,2.2020337886
"479","52.0105 5.7818","SRR6797243",52.0105,5.7818,-0.18436931,-0.712115,0.42570865,0.8486256,-0.9987258,1.0666867,0.3978317,1.3903154,-1.9545207,2.7386336,3.189497795,3.19316683433333
"480","53.93 -116.58","SRR9030504",53.93,-116.58,-0.8374646,-0.08562844,-0.08812657,-0.46582186,-0.8906165,-0.4939818,0.24014139,0.24529919,1.4674418,-0.7294175,3.503891269,3.46614817175
"481","63.0472 21.7116","SRR8554483",63.0472,21.7116,-0.55958384,-0.1306571,0.062163673,0.99653494,-0.83129376,0.9733605,0.30463716,0.30338714,1.844204,-2.3490784,4.990710189,7.02523307922222
"482","64.7 -148.3","SRR4027934",64.7,-148.3,-0.72796285,1.1781939,-0.36072284,1.1303959,-0.82616144,0.90175945,0.4033465,-0.2595084,2.8097353,-1.204131,1.462054789,2.070627779
"483","71.270939 -156.810374","SRR3989254",71.270939,-156.810374,-0.6390595,0.8104928,-0.36796874,1.113108,0.16220883,0.21434115,-0.23616613,-0.4784327,0.659492,-0.65122324,4.728399856,4.6738921825
"484","71.28381 -156.5985","SRR3989239",71.28381,-156.5985,-0.3480549,0.9029774,-0.33086467,-0.28872725,0.2226792,0.014054547,-0.20968395,-0.4784327,0.099852294,-0.26620275,4.149442768,4.149442768
"485","71.29055 -156.788643","SRR3989121",71.29055,-156.788643,-0.64079463,NA,NA,NA,0.13126302,NA,NA,NA,-1.624893,-2.4105937,3.937649881,3.937649881
"486","71.290565 -156.788622","SRR3989238",71.290565,-156.788622,-0.64079463,NA,NA,NA,0.13126302,NA,NA,NA,-1.624893,-2.4105937,4.108378819,4.108378819
"487","71.290884 -156.788063","SRR3989258",71.290884,-156.788063,-0.64079463,NA,NA,NA,0.13126302,NA,NA,NA,-1.624893,-2.4105937,5.143456042,5.143456042
"488","71.299 -156.61","SRR5659263",71.299,-156.61,-0.43676552,0.879299,-0.32661706,-0.07289601,0.24965487,0.27408078,-0.22003838,-0.4784327,0.44428745,-0.51368874,3.4690663,3.09566776546154
"489","71.2999 -156.61","SRR3984960",71.2999,-156.61,-0.43676552,0.879299,-0.32661706,-0.07289601,0.24965487,0.27408078,-0.22003838,-0.4784327,0.44428745,-0.51368874,3.337390022,3.4335736994
"490","9.1086 -79.8436","SRR5215467",9.1086,-79.8436,-0.16349238,-1.7622029,0.7240404,-0.41706795,-1.0180962,-0.32639518,0.7813123,0.026988747,0.185268,-1.0005623,5.021919447,4.87318165735484
