"","sample","diversity"
"diversity","Cjian1_BDME190026006",23.0104773050184
"diversity1","Cjian2_BDME190025878",23.0332848233473
"diversity2","Cjian3_BDME190025999",23.0117174599399
"diversity3","Cjian4_BDME190026011",23.243347114154
"diversity4","Cjian5_BDME190026015",22.97336479642
"diversity5","Cshang1_BDME190026004",23.2113780208051
"diversity6","Cshang2_BDME190026008",22.9537718996196
"diversity7","Cshang3_BDME190025998",23.3443773278425
"diversity8","Cshang4_BDME190026010",23.094914483914
"diversity9","Cshang5_BDME190601163",22.9595550236801
"diversity10","Ctu1_BDME190026003",23.111268737026
"diversity11","Ctu3_BDME190025997",22.8972521101017
"diversity12","Ctu4_BDME190026009",23.0196300395186
"diversity13","Ctu5_BDME190026013",23.115194123943
"diversity14","Cxia1_BDME190026007",22.8325998936702
"diversity15","Cxia2_BDME190025877",22.9541091295525
"diversity16","Cxia3_BDME190026000",23.1767024696048
"diversity17","Cxia4_BDME190026012",23.1009771150162
"diversity18","Cxia5_BDME190026016",23.0608919952138
"diversity19","ERR1051325",23.8799569350759
"diversity20","ERR436053",24.2885404107273
"diversity21","ERR436055",23.7989236667872
"diversity22","ERR436057",23.6764565019895
"diversity23","ERR436058",24.2472238942343
"diversity24","s1_FDMS190655335",23.3821683285213
"diversity25","S1",23.2962081012772
"diversity26","S10",23.3091995023443
"diversity27","S107",23.2533246196575
"diversity28","S108",23.024455402118
"diversity29","S109",22.9852790139096
"diversity30","s11_FDMS190655341",23.4496132102648
"diversity31","S11",23.1515051645454
"diversity32","S112",23.1433865425656
"diversity33","S113",23.0107385112602
"diversity34","S114",23.2568355649231
"diversity35","S118",21.5423537536871
"diversity36","s12_FDMS190655342",23.4581677672193
"diversity37","S12",22.8291578604228
"diversity38","S120",22.7369759535142
"diversity39","S121",23.310397681937
"diversity40","S122",23.2339000695322
"diversity41","S125",23.2164250555788
"diversity42","S126",23.1976338157102
"diversity43","S127",23.3791098050845
"diversity44","S128",23.2510127327534
"diversity45","S129",23.1904074337894
"diversity46","s13_FDMS190655343",23.4469836741501
"diversity47","S13",23.1929117233416
"diversity48","S130",23.2049262327406
"diversity49","S132",23.4370381712301
"diversity50","S134",22.7875960717618
"diversity51","S135",22.95148405142
"diversity52","S136",22.7170944475751
"diversity53","S137",23.3939920640965
"diversity54","S139",23.38378500256
"diversity55","S14",22.9599498984637
"diversity56","S140",23.2057305412205
"diversity57","S141",22.3992803761758
"diversity58","S142",23.3800506759424
"diversity59","S143",23.1417630149423
"diversity60","S145",23.5399173514953
"diversity61","S155",23.5797314311864
"diversity62","s16_FDMS190655344",23.2985707686232
"diversity63","S16",22.9543307944453
"diversity64","S162",22.9702283801983
"diversity65","S163",23.5301936641019
"diversity66","S165",22.9634678356047
"diversity67","S168",23.1615759431736
"diversity68","s17_FDMS190655345",23.2699826117677
"diversity69","S17",22.9926824878458
"diversity70","S171",23.1617924251478
"diversity71","S173",23.6604402177004
"diversity72","S174",23.4608417510316
"diversity73","S175",22.6440564613026
"diversity74","S176",23.2741109323458
"diversity75","S177",23.1363620692225
"diversity76","S178",23.0530316876974
"diversity77","S179",22.6649051270576
"diversity78","s18_FDMS190655346",23.3466697788458
"diversity79","S18",22.9913530169672
"diversity80","S180",23.343459868153
"diversity81","S182",23.3217698180273
"diversity82","S184",23.5593134542336
"diversity83","S185",23.0084464550436
"diversity84","S186",23.3218492242008
"diversity85","S187",23.6643059223908
"diversity86","S188",23.5222940606934
"diversity87","S191",22.1767914650867
"diversity88","S193",23.1552774478494
"diversity89","S199",23.540592681762
"diversity90","s2_FDMS190655336",23.2643076279115
"diversity91","S2",22.7002707225297
"diversity92","S20",22.467497370726
"diversity93","S209",23.3267187456564
"diversity94","s21_FDMS190655347",23.6190400537567
"diversity95","S21",22.827971416818
"diversity96","S211",22.7367595893743
"diversity97","S212",22.7609429267748
"diversity98","S213",23.2786392971517
"diversity99","S215",23.2915906413285
"diversity100","s22_FDMS190655348",23.6244544960523
"diversity101","S22",23.5020106435486
"diversity102","S223",23.2189978265461
"diversity103","S225",23.0552219101841
"diversity104","S226",22.7179199780198
"diversity105","S227",22.6934195437225
"diversity106","S228",23.3456532351452
"diversity107","s23_FDMS190655349",23.1149778421139
"diversity108","S23",23.6363629365679
"diversity109","S233",23.3385747281043
"diversity110","S234",23.1714420975139
"diversity111","S237",22.6867000199892
"diversity112","S238",23.053731232237
"diversity113","S239",23.3017314069543
"diversity114","S24",23.5353842064506
"diversity115","S242",23.5647846824463
"diversity116","S244",22.4458985849811
"diversity117","S245",23.5949071199472
"diversity118","S246",22.9091654783603
"diversity119","S248",23.3255031088258
"diversity120","S249",23.5025992312361
"diversity121","S25",22.6451757065627
"diversity122","S250",23.6339974337885
"diversity123","S251",23.0957004908608
"diversity124","S252",23.4743660809638
"diversity125","S253",23.6969393701484
"diversity126","S256",23.3854869372225
"diversity127","S257",23.5518243828232
"diversity128","S258",22.4137502774951
"diversity129","s26_FDMS190655350",23.351869545616
"diversity130","S260",23.6639046930537
"diversity131","S261",22.4339378734401
"diversity132","S262",23.3549166125715
"diversity133","S263",23.6004911625233
"diversity134","S264",22.0845702264453
"diversity135","S265",23.6619235847472
"diversity136","S268",23.1191681965254
"diversity137","S269",23.6465582465128
"diversity138","s27_FDMS190655351",23.2918957659136
"diversity139","S270",23.4607942897867
"diversity140","S271",23.4748362809362
"diversity141","S274",23.4783154531194
"diversity142","S276",23.1378206261565
"diversity143","S277",23.4624282256954
"diversity144","S279",23.5985243051356
"diversity145","s28_FDMS190655352",23.2928189237498
"diversity146","S28",23.3898895633143
"diversity147","S281",23.4792962338327
"diversity148","S283",23.5404414517486
"diversity149","S284",23.4085453499714
"diversity150","S285",23.4683381008231
"diversity151","S286",23.5265034094522
"diversity152","S287",23.577998728466
"diversity153","S288",23.034166301206
"diversity154","S29",22.7969483353279
"diversity155","S290",23.1124522903786
"diversity156","S296",23.3921086971974
"diversity157","S297",23.2502829905022
"diversity158","s3_FDMS190655337",23.3176348996866
"diversity159","S3",23.0652975427434
"diversity160","S308",22.8713627368678
"diversity161","S309",23.0871672510086
"diversity162","s31_FDMS190655353",23.626116069286
"diversity163","S310",23.6324923113255
"diversity164","S311",23.4986828485148
"diversity165","S312",22.9874724782969
"diversity166","S313",23.1941164679849
"diversity167","S315",23.2835103539595
"diversity168","S317",23.4189707435879
"diversity169","S318",23.5954321875694
"diversity170","s32_FDMS190655354",23.5471402615421
"diversity171","S32",22.8309575746816
"diversity172","S321",23.4041018422471
"diversity173","S324",22.557908258601
"diversity174","S325",23.6070829522488
"diversity175","S326",23.5114841373346
"diversity176","S328",23.6798048823672
"diversity177","S329",22.9565900067143
"diversity178","s33_FDMS190655355",23.39373553258
"diversity179","S330",23.4265114823151
"diversity180","S331",23.2708628868484
"diversity181","S332",23.6845124480485
"diversity182","S333",23.3339445124012
"diversity183","S334",23.3953217576417
"diversity184","S335",22.7279505144409
"diversity185","S339",23.3890952217566
"diversity186","S340",22.1852079839547
"diversity187","S342",23.6579141305748
"diversity188","S344",23.5943990349497
"diversity189","S35",23.3900588401172
"diversity190","S351",22.4664176033855
"diversity191","S354",23.4009364778734
"diversity192","S361",23.2322116651971
"diversity193","S363",23.4765635632105
"diversity194","S366",21.7638794781178
"diversity195","S369",23.7612740632717
"diversity196","S37",23.3273619874931
"diversity197","S379",23.6014488828956
"diversity198","S38",23.2596258802188
"diversity199","S380",23.6175030505834
"diversity200","S381",22.8511090203991
"diversity201","S383",22.9972373149719
"diversity202","S384",23.4210028268273
"diversity203","S385",23.5575423377071
"diversity204","S386",23.2125953298261
"diversity205","S387",22.0945121012268
"diversity206","S389",23.8087069607372
"diversity207","S390",22.8494968082912
"diversity208","S391",23.5306461892003
"diversity209","S393",23.4557394160284
"diversity210","S394",23.6244707846363
"diversity211","S4",23.0548252213992
"diversity212","S400",23.0298965631084
"diversity213","S401",23.5326768689736
"diversity214","S402",23.4131244820715
"diversity215","S403",23.4076270759967
"diversity216","S404",23.3060910111965
"diversity217","S405",23.6109101764852
"diversity218","S406",22.7089199737836
"diversity219","S408",23.2137980895989
"diversity220","S41_BDMS190062376",23.2551667521045
"diversity221","S412",23.5137497585586
"diversity222","S42_BDMS190062377",22.6414039818408
"diversity223","S42",23.4241492116395
"diversity224","S43_BDMS190062378",21.912972707381
"diversity225","S44_BDMS190062379",23.1684482997656
"diversity226","S45_BDMS190062380",23.1371354352621
"diversity227","S46",23.2403916428087
"diversity228","S47",23.2347478597612
"diversity229","S48",23.4241535534928
"diversity230","S49",23.3760642593764
"diversity231","S5",21.9696719269171
"diversity232","S50",23.1311578015748
"diversity233","S51",23.3504841152845
"diversity234","S52",23.3871936047083
"diversity235","S56",22.9627871117306
"diversity236","S57",23.4897526275429
"diversity237","S58_BDME190601153",22.3747653127247
"diversity238","S58",23.3023250341035
"diversity239","S59",23.107393571936
"diversity240","s6_FDMS190655338",23.3373927382638
"diversity241","S6",23.0246149583448
"diversity242","S60_BDME190601155",22.5742280365547
"diversity243","S60",23.1476679030336
"diversity244","S61_BDME190601156",22.1968527338415
"diversity245","S61_BDMS190062396",23.2292721558518
"diversity246","S61",23.2602613189369
"diversity247","S62_BDMS190062397",23.1791505414135
"diversity248","S62",22.5418509346746
"diversity249","S63_BDMS190062398",22.9812872945973
"diversity250","S63",23.3051377998419
"diversity251","S64_BDME190601159",22.3264465411337
"diversity252","S64_BDMS190062399",23.3901357511415
"diversity253","S65_BDMS190062400",23.4708481250988
"diversity254","S66_BDMS190062401",23.2455838081715
"diversity255","S66",23.4306353247424
"diversity256","S67_BDME190601162",22.9183881350664
"diversity257","S69_BDME190601164",22.8264154938925
"diversity258","S69",23.2444684119143
"diversity259","s7_FDMS190655339",23.1668068212123
"diversity260","S7",23.2530256089684
"diversity261","S70",22.6439110848299
"diversity262","S72_BDME190601167",22.8525910580872
"diversity263","S72",23.3767816521374
"diversity264","S73_BDME190601168",22.9016157024046
"diversity265","S75_BDME190601170",22.8447744795028
"diversity266","S75",21.2298546013586
"diversity267","S76_BDME190601171",22.9220935269686
"diversity268","S76",23.2822282940944
"diversity269","S77",23.3216341420945
"diversity270","s8_FDMS190655340",22.977358865079
"diversity271","S8",23.0520438495963
"diversity272","S9",23.2836795687594
"diversity273","S91",23.1755545579998
"diversity274","S92",23.4263336843391
"diversity275","SRR1029957",21.9982048768346
"diversity276","SRR1185960",23.9547603349607
"diversity277","SRR1924237",23.845526611889
"diversity278","SRR1926113",23.9841845732544
"diversity279","SRR1926121",23.6768972270305
"diversity280","SRR1926122",23.9704197490362
"diversity281","SRR1926147",21.0528824140584
"diversity282","SRR1926159",24.3766426479165
"diversity283","SRR1926200",24.463601069848
"diversity284","SRR1926201",24.4792741119382
"diversity285","SRR1955040",21.1703749313516
"diversity286","SRR2029815",20.2571529621108
"diversity287","SRR2029816",20.004785140403
"diversity288","SRR2029817",20.0549836453446
"diversity289","SRR2029827",23.8776765930675
"diversity290","SRR2029828",23.641407490456
"diversity291","SRR2029829",23.6904748958548
"diversity292","SRR2093878",22.5587956329508
"diversity293","SRR2952554",22.9935964120853
"diversity294","SRR2954705",22.9906965557727
"diversity295","SRR3439671",23.0633456601433
"diversity296","SRR3439678",23.3015330036361
"diversity297","SRR3452784",23.0403280638633
"diversity298","SRR3452787",22.7071773576289
"diversity299","SRR350471",24.1121397838415
"diversity300","SRR350474",24.2391383716139
"diversity301","SRR350500",24.2914194323613
"diversity302","SRR350513",23.7642381832988
"diversity303","SRR350639",24.040174519772
"diversity304","SRR350640",24.0148741639115
"diversity305","SRR350641",23.9642833498579
"diversity306","SRR350919",23.1686915957291
"diversity307","SRR350920",23.3904175879806
"diversity308","SRR350921",23.3307928951359
"diversity309","SRR350969",24.0835118787823
"diversity310","SRR350970",23.8697057945613
"diversity311","SRR351473",23.3616327800714
"diversity312","SRR351474",23.3604290080182
"diversity313","SRR3592108",22.1541475084253
"diversity314","SRR3601981",22.2859497438929
"diversity315","SRR3601982",22.1340993574039
"diversity316","SRR3601984",22.3592510817597
"diversity317","SRR3747750",18.3870787816892
"diversity318","SRR3747798",17.4642823524581
"diversity319","SRR3747811",17.9598125701815
"diversity320","SRR3747812",18.3519586103851
"diversity321","SRR3747847",18.0723544517973
"diversity322","SRR3954470",25.0175839184634
"diversity323","SRR3954471",24.9352827122663
"diversity324","SRR3954472",25.0042319152737
"diversity325","SRR3954473",25.0217950726549
"diversity326","SRR3954474",24.9930289264403
"diversity327","SRR3972293",23.0708677490164
"diversity328","SRR3973802",23.9107873992883
"diversity329","SRR3974375",23.1079633306893
"diversity330","SRR3974376",24.3319885695345
"diversity331","SRR3974377",25.2181892213544
"diversity332","SRR3974390",24.5211768420702
"diversity333","SRR3975574",24.4189285242065
"diversity334","SRR3975575",25.34832811782
"diversity335","SRR3975576",26.7698522051257
"diversity336","SRR3975577",27.2670257649069
"diversity337","SRR3977090",24.3193871203428
"diversity338","SRR3977097",23.6697338517319
"diversity339","SRR3977098",23.5883024009235
"diversity340","SRR3977124",24.1563645021891
"diversity341","SRR3977125",24.2070854845112
"diversity342","SRR3977135",24.1626692794356
"diversity343","SRR3977136",24.1135318851955
"diversity344","SRR3977137",23.6741351639324
"diversity345","SRR3977138",25.6283938168827
"diversity346","SRR3977139",23.9945656251071
"diversity347","SRR3977438",24.3192676351925
"diversity348","SRR3977439",24.2559777401516
"diversity349","SRR3978320",24.0425037351103
"diversity350","SRR3978321",24.072123928909
"diversity351","SRR3978361",24.4767706170278
"diversity352","SRR3978390",24.4748185534742
"diversity353","SRR3979409",24.3532083986547
"diversity354","SRR3979410",24.2944303037083
"diversity355","SRR3979411",23.7479408869691
"diversity356","SRR3979412",23.8712948865177
"diversity357","SRR3979413",24.1111429385716
"diversity358","SRR3979414",24.1065262953895
"diversity359","SRR3979453",23.9726623283713
"diversity360","SRR3979454",23.9350932115785
"diversity361","SRR3979490",23.829055682562
"diversity362","SRR3979491",23.8910486142151
"diversity363","SRR3979977",24.3243781458798
"diversity364","SRR3979978",24.3941408882672
"diversity365","SRR3981081",23.801698927825
"diversity366","SRR3981082",23.8155126435436
"diversity367","SRR3981189",23.5207298744645
"diversity368","SRR3981190",23.5486008148072
"diversity369","SRR3982067",24.0197224508271
"diversity370","SRR3982068",24.0565670825177
"diversity371","SRR3982074",23.7869062959767
"diversity372","SRR3982075",23.8122389474763
"diversity373","SRR3982751",25.0544284877182
"diversity374","SRR3984885",24.0250693424824
"diversity375","SRR3984893",23.7250021076796
"diversity376","SRR3984957",23.7904750215966
"diversity377","SRR3984960",21.3332883555058
"diversity378","SRR3984961",23.2990851385557
"diversity379","SRR3984962",21.9680015026531
"diversity380","SRR3984963",21.709458269103
"diversity381","SRR3985186",23.6156666368055
"diversity382","SRR3985188",23.4171859681643
"diversity383","SRR3985190",22.3488275901528
"diversity384","SRR3985369",23.1563177448592
"diversity385","SRR3985370",23.6227473066664
"diversity386","SRR3985376",24.3702822922485
"diversity387","SRR3985382",23.010931415771
"diversity388","SRR3985383",23.0590636510189
"diversity389","SRR3985384",22.8979940247942
"diversity390","SRR3985385",23.2339961230572
"diversity391","SRR3985388",22.4635678820152
"diversity392","SRR3985389",21.6162617172745
"diversity393","SRR3985390",20.1912651637611
"diversity394","SRR3985391",22.8879358220178
"diversity395","SRR3985394",22.7567627367243
"diversity396","SRR3985395",20.9363767019245
"diversity397","SRR3985396",20.4123687508089
"diversity398","SRR3985397",22.2854559725832
"diversity399","SRR3985418",22.7824915649102
"diversity400","SRR3985419",22.024865629083
"diversity401","SRR3985420",22.440396692618
"diversity402","SRR3985421",22.1641460127676
"diversity403","SRR3985424",22.2238540499338
"diversity404","SRR3985523",22.2412122297703
"diversity405","SRR3985524",21.7215515378297
"diversity406","SRR3985525",22.4946562457464
"diversity407","SRR3985526",22.373146790407
"diversity408","SRR3985527",22.6222579681234
"diversity409","SRR3985624",21.2250365652746
"diversity410","SRR3985625",21.9941279219162
"diversity411","SRR3988231",24.0364274115354
"diversity412","SRR3988262",23.9880137720873
"diversity413","SRR3988263",23.9915192433245
"diversity414","SRR3988264",24.2790835835786
"diversity415","SRR3988265",23.9399642996769
"diversity416","SRR3989121",19.9955332760523
"diversity417","SRR3989238",19.6907123855121
"diversity418","SRR3989239",19.5867397915216
"diversity419","SRR3989254",20.5363753896759
"diversity420","SRR3989257",20.9910323805575
"diversity421","SRR3989258",19.1421908792363
"diversity422","SRR3989449",22.160003312145
"diversity423","SRR3989460",26.003440345734
"diversity424","SRR3989461",27.6280918578553
"diversity425","SRR3989470",29.5927616645605
"diversity426","SRR3989471",27.0906365069783
"diversity427","SRR3989474",26.5476734773072
"diversity428","SRR3989477",24.1484469887281
"diversity429","SRR3989482",32.6251210597974
"diversity430","SRR3989487",32.0306880551632
"diversity431","SRR3989489",25.1694706879649
"diversity432","SRR3989490",24.0332535307867
"diversity433","SRR3989492",26.6195950883803
"diversity434","SRR3989493",32.3886131280995
"diversity435","SRR3989495",27.548969506127
"diversity436","SRR3989500",32.798624224723
"diversity437","SRR3989501",33.6514956021595
"diversity438","SRR3989508",32.2929917612449
"diversity439","SRR3989509",31.7825912131617
"diversity440","SRR3989516",23.7288292188281
"diversity441","SRR3989550",31.1589900156317
"diversity442","SRR3989555",33.2913767039314
"diversity443","SRR3989556",31.4316193708423
"diversity444","SRR3989561",29.7427910228926
"diversity445","SRR3989573",23.9040484881353
"diversity446","SRR3989576",23.829263424886
"diversity447","SRR3989606",23.9507310327725
"diversity448","SRR3989686",24.0573708912573
"diversity449","SRR3989699",24.246439721694
"diversity450","SRR3989700",24.1842403810202
"diversity451","SRR3989702",24.2271342706582
"diversity452","SRR3989705",24.0225184960353
"diversity453","SRR3989710",24.3540096832558
"diversity454","SRR3989711",31.7105319427168
"diversity455","SRR400291",23.9343286162435
"diversity456","SRR4021130",23.4120433999443
"diversity457","SRR4022091",22.5924919427399
"diversity458","SRR4022141",22.9103025513912
"diversity459","SRR4022146",23.8350287076585
"diversity460","SRR4022147",23.5715743096046
"diversity461","SRR4022148",23.3232780817411
"diversity462","SRR4022149",23.1329982318989
"diversity463","SRR4022155",22.7499771186454
"diversity464","SRR4022160",23.1199873620472
"diversity465","SRR4026198",23.9077078846574
"diversity466","SRR4026199",23.9248689021364
"diversity467","SRR4026200",23.8660482851177
"diversity468","SRR4026201",23.8893526453887
"diversity469","SRR4026202",23.728348684594
"diversity470","SRR4026203",23.7579639618577
"diversity471","SRR4026205",23.9467492623019
"diversity472","SRR4026206",23.8602691519817
"diversity473","SRR4026207",23.8701576417217
"diversity474","SRR4026208",23.9755063695553
"diversity475","SRR4026209",24.0413024988084
"diversity476","SRR4027028",23.3984926495699
"diversity477","SRR4027029",23.3770997345074
"diversity478","SRR4027030",23.3705941880343
"diversity479","SRR4027031",23.3721688555768
"diversity480","SRR4027034",23.4038279760921
"diversity481","SRR4027035",23.5954563802496
"diversity482","SRR4027036",23.6172174318499
"diversity483","SRR4027037",23.6811490331701
"diversity484","SRR4027038",23.6072833429239
"diversity485","SRR4027039",23.6348473360322
"diversity486","SRR4027040",23.5805468857137
"diversity487","SRR4027041",23.5572267396954
"diversity488","SRR4027042",23.5981861800342
"diversity489","SRR4027043",23.5748377899547
"diversity490","SRR4027044",23.3329574469141
"diversity491","SRR4027045",23.6034763294377
"diversity492","SRR4027046",23.6324891248128
"diversity493","SRR4027089",23.9682343166044
"diversity494","SRR4027090",24.0262469990632
"diversity495","SRR4027091",23.9795897118374
"diversity496","SRR4027092",23.9932845066778
"diversity497","SRR4027093",24.0333332797365
"diversity498","SRR4027094",24.0179140319928
"diversity499","SRR4027095",23.9715465405198
"diversity500","SRR4027098",23.9609490664606
"diversity501","SRR4027099",23.9341836153793
"diversity502","SRR4027100",23.8834192976227
"diversity503","SRR4027101",23.9617623593946
"diversity504","SRR4027102",23.8881765567682
"diversity505","SRR4027103",23.9021043980874
"diversity506","SRR4027104",23.8889134006124
"diversity507","SRR4027105",23.9088459485661
"diversity508","SRR4027107",23.902722210689
"diversity509","SRR4027108",23.9002378337228
"diversity510","SRR4027110",24.3244940744843
"diversity511","SRR4027111",24.3913465719484
"diversity512","SRR4027112",24.302442590329
"diversity513","SRR4027113",24.334951903485
"diversity514","SRR4027114",24.2747316843823
"diversity515","SRR4027115",24.2895523072027
"diversity516","SRR4027116",24.2992856667196
"diversity517","SRR4027121",24.1126020174425
"diversity518","SRR4027122",24.1772805964574
"diversity519","SRR4027123",24.0896263614417
"diversity520","SRR4027124",24.1244424770845
"diversity521","SRR4027125",24.1223654679416
"diversity522","SRR4027126",24.121728853125
"diversity523","SRR4027127",24.1026556707026
"diversity524","SRR4027129",24.2361737982864
"diversity525","SRR4027130",24.1858808312297
"diversity526","SRR4027131",24.2023053502522
"diversity527","SRR4027132",24.2484202205696
"diversity528","SRR4027133",24.2018845727798
"diversity529","SRR4027134",24.3215048411601
"diversity530","SRR4027567",23.2334361135996
"diversity531","SRR4027568",23.2192962086469
"diversity532","SRR4027569",23.3022696092297
"diversity533","SRR4027570",23.2648891836929
"diversity534","SRR4027571",23.2432303061158
"diversity535","SRR4027572",23.2232184831422
"diversity536","SRR4027573",23.1621539776815
"diversity537","SRR4027576",23.2787358792287
"diversity538","SRR4027577",23.3023208127591
"diversity539","SRR4027578",23.3064531399955
"diversity540","SRR4027579",23.2513709915297
"diversity541","SRR4027580",23.1998696193249
"diversity542","SRR4027581",23.4999548180584
"diversity543","SRR4027582",23.2320752279651
"diversity544","SRR4027610",23.0228064955554
"diversity545","SRR4027666",23.651833089821
"diversity546","SRR4027667",23.6645602065535
"diversity547","SRR4027668",23.6194437078276
"diversity548","SRR4027669",23.650168078795
"diversity549","SRR4027670",23.7038131339043
"diversity550","SRR4027671",23.705459263999
"diversity551","SRR4027672",23.667506926016
"diversity552","SRR4027795",24.2470734097747
"diversity553","SRR4027796",24.2549409356567
"diversity554","SRR4027797",24.1777622814718
"diversity555","SRR4027798",24.1483958150958
"diversity556","SRR4027799",24.280931139031
"diversity557","SRR4027800",24.2408947695019
"diversity558","SRR4027801",24.2557946966007
"diversity559","SRR4027826",20.6282247981557
"diversity560","SRR4027827",20.6655881035674
"diversity561","SRR4027828",20.6136658469476
"diversity562","SRR4027829",20.659142724695
"diversity563","SRR4027830",20.6212749962091
"diversity564","SRR4027831",20.9462480282588
"diversity565","SRR4027832",20.5585446501943
"diversity566","SRR4027934",23.0532392250378
"diversity567","SRR4027936",22.0995864548102
"diversity568","SRR4028118",23.1271043365171
"diversity569","SRR4028119",22.9915625194241
"diversity570","SRR4030077",23.8910679805531
"diversity571","SRR4030078",24.188822970999
"diversity572","SRR4030079",23.6975977448689
"diversity573","SRR4030080",23.6198473081541
"diversity574","SRR4030081",23.7863232936146
"diversity575","SRR4030082",24.1363258846408
"diversity576","SRR4030083",24.0747329988246
"diversity577","SRR4030084",24.3909437692443
"diversity578","SRR4030085",24.3174351046028
"diversity579","SRR4030086",24.3141497258573
"diversity580","SRR4030087",23.7951265624531
"diversity581","SRR4030088",23.6236612047044
"diversity582","SRR4030091",23.8068210655138
"diversity583","SRR4030096",25.8932968610314
"diversity584","SRR4030097",23.4219283278009
"diversity585","SRR4051794",24.5167725172117
"diversity586","SRR4051795",24.5250285746862
"diversity587","SRR4051812",24.9790752415201
"diversity588","SRR4241755",23.5504907814884
"diversity589","SRR4289280",23.7009195753412
"diversity590","SRR4289282",23.6281156709012
"diversity591","SRR4289283",23.7427143798939
"diversity592","SRR4289284",23.8420877220996
"diversity593","SRR4289285",23.8144116954783
"diversity594","SRR4289286",23.7416114140042
"diversity595","SRR4289287",23.7915467263531
"diversity596","SRR4289288",23.665681600575
"diversity597","SRR4289289",23.8653697391308
"diversity598","SRR4289290",23.7131791287501
"diversity599","SRR4289291",23.8157098543005
"diversity600","SRR4289292",23.6952964036027
"diversity601","SRR5035371",22.4744864457709
"diversity602","SRR5133178",18.4011941344441
"diversity603","SRR5133179",18.9793477839351
"diversity604","SRR5152881",24.6158084057792
"diversity605","SRR5177928",19.3756269234489
"diversity606","SRR5177929",19.4968659768053
"diversity607","SRR5195106",24.0398833152041
"diversity608","SRR5195107",23.3853666027962
"diversity609","SRR5195108",24.7261931346053
"diversity610","SRR5195109",23.683988014723
"diversity611","SRR5195110",24.8133709566147
"diversity612","SRR5195111",24.6293719360911
"diversity613","SRR5195112",23.7614017364449
"diversity614","SRR5195114",23.5804299465975
"diversity615","SRR5195115",23.6464023170156
"diversity616","SRR5195116",24.8905036228558
"diversity617","SRR5195117",23.8930408972831
"diversity618","SRR5195118",23.8955940218492
"diversity619","SRR5195119",23.9435106148429
"diversity620","SRR5195121",24.4142018237306
"diversity621","SRR5195123",24.3394078535532
"diversity622","SRR5195124",23.8606226257875
"diversity623","SRR5195126",22.6108014192055
"diversity624","SRR5195127",23.7807310864548
"diversity625","SRR5195129",23.8524004870401
"diversity626","SRR5195131",24.2809515490162
"diversity627","SRR5195132",24.2054146098557
"diversity628","SRR5195133",23.771724117536
"diversity629","SRR5195135",23.855797852555
"diversity630","SRR5195136",24.0736009783158
"diversity631","SRR5195137",24.2100677323818
"diversity632","SRR5195138",24.6605943752864
"diversity633","SRR5195139",24.1776872182879
"diversity634","SRR5195140",24.3125551358672
"diversity635","SRR5195141",24.4894109773306
"diversity636","SRR5195142",24.5119118749052
"diversity637","SRR5195143",24.225272110179
"diversity638","SRR5195144",24.018702225135
"diversity639","SRR5195145",24.5778581990958
"diversity640","SRR5195146",24.4706295570383
"diversity641","SRR5195147",24.9257031143677
"diversity642","SRR5195148",23.7715498572796
"diversity643","SRR5204862",26.8818844382808
"diversity644","SRR5204863",24.3478305736668
"diversity645","SRR5205085",24.6672386918681
"diversity646","SRR5205807",23.5472520698974
"diversity647","SRR5205809",23.4102484889259
"diversity648","SRR5205814",23.9479107431382
"diversity649","SRR5206468",23.8471455094911
"diversity650","SRR5207236",23.3583804464963
"diversity651","SRR5207237",23.9296252414292
"diversity652","SRR5207244",23.5804726028732
"diversity653","SRR5207245",22.7364255180174
"diversity654","SRR5207247",22.8034306025843
"diversity655","SRR5207248",23.751165093563
"diversity656","SRR5207249",22.6209375851638
"diversity657","SRR5207253",23.5576283474638
"diversity658","SRR5207302",23.4100403206691
"diversity659","SRR5207342",24.3774920134118
"diversity660","SRR5207344",24.6145059619408
"diversity661","SRR5207566",24.3364006392696
"diversity662","SRR5207569",24.3679987820269
"diversity663","SRR5207629",24.2067945840065
"diversity664","SRR5208282",22.6895149341289
"diversity665","SRR5208283",22.4123704938245
"diversity666","SRR5208337",22.1023234328751
"diversity667","SRR5209019",18.0061144611947
"diversity668","SRR5209020",18.3540693171579
"diversity669","SRR5209021",17.913792745303
"diversity670","SRR5209022",17.4756359714768
"diversity671","SRR5209023",17.2672318603137
"diversity672","SRR5209025",18.7646271082055
"diversity673","SRR5209026",18.3821901303608
"diversity674","SRR5209027",18.0541280977596
"diversity675","SRR5209028",18.2176158681585
"diversity676","SRR5209029",20.6068100868507
"diversity677","SRR5210212",25.5396053093869
"diversity678","SRR5210214",23.2991197567811
"diversity679","SRR5210470",22.2736510477625
"diversity680","SRR5213075",24.2460801997958
"diversity681","SRR5213076",24.0443883762124
"diversity682","SRR5213078",24.0758894633823
"diversity683","SRR5213079",23.9881242300667
"diversity684","SRR5213080",23.599592125681
"diversity685","SRR5213082",23.8296868718527
"diversity686","SRR5213083",23.6953008876576
"diversity687","SRR5213592",23.6701884962621
"diversity688","SRR5213593",23.3464862899154
"diversity689","SRR5213594",22.8302312712364
"diversity690","SRR5213595",24.0606766900126
"diversity691","SRR5213596",23.7275005129943
"diversity692","SRR5213597",23.0180420850416
"diversity693","SRR5214707",21.4446494238242
"diversity694","SRR5214708",21.0646908303838
"diversity695","SRR5215203",23.1251735924889
"diversity696","SRR5215204",23.1239632117104
"diversity697","SRR5215207",23.4722219852326
"diversity698","SRR5215213",23.7123444806614
"diversity699","SRR5215216",23.5950096371051
"diversity700","SRR5215217",23.2537897930994
"diversity701","SRR5215218",23.4807386311799
"diversity702","SRR5215467",24.6022363139601
"diversity703","SRR5215468",24.58113247043
"diversity704","SRR5215469",24.0349659077882
"diversity705","SRR5215470",24.8969780587207
"diversity706","SRR5215471",24.3954348106828
"diversity707","SRR5215472",23.8005048388084
"diversity708","SRR5215473",24.5149582100758
"diversity709","SRR5215474",24.9484810166206
"diversity710","SRR5215475",24.8598023528072
"diversity711","SRR5215510",24.8979560294446
"diversity712","SRR5215545",23.5641201760465
"diversity713","SRR5215813",24.4262695785873
"diversity714","SRR5215831",24.1597922662115
"diversity715","SRR5216110",23.7744797514329
"diversity716","SRR5216117",23.219638649165
"diversity717","SRR5246127",24.3847350209684
"diversity718","SRR5246500",24.363629611703
"diversity719","SRR5256712",22.2118999310512
"diversity720","SRR5256714",23.9866721087888
"diversity721","SRR5256884",22.9886980735806
"diversity722","SRR5256885",24.0622567609328
"diversity723","SRR5256886",23.1843347404439
"diversity724","SRR5258705",23.6784018293369
"diversity725","SRR5258706",23.1794175322687
"diversity726","SRR5258707",23.8435340219071
"diversity727","SRR5258708",23.474522610495
"diversity728","SRR5259839",24.1311459701222
"diversity729","SRR5260221",22.7509098542726
"diversity730","SRR5260370",23.0031361183147
"diversity731","SRR5262244",23.9357781847381
"diversity732","SRR5262245",24.600178559479
"diversity733","SRR5262246",24.6074580156927
"diversity734","SRR5262247",24.2052191580062
"diversity735","SRR5262248",23.8647916301203
"diversity736","SRR5262249",23.8971576480139
"diversity737","SRR5262250",24.5021070913289
"diversity738","SRR5262252",24.2856090274525
"diversity739","SRR5262254",23.9655499334477
"diversity740","SRR5269546",24.2934107701853
"diversity741","SRR5271154",24.2723996667239
"diversity742","SRR5271155",23.8149779596112
"diversity743","SRR5271156",23.9176018339633
"diversity744","SRR5271157",22.3913840021817
"diversity745","SRR5271163",23.6906438493243
"diversity746","SRR5271165",22.5578602777328
"diversity747","SRR5271166",22.1206477746322
"diversity748","SRR5271167",24.0380562331787
"diversity749","SRR5271168",23.9192328289492
"diversity750","SRR5271169",24.1953021167959
"diversity751","SRR5271170",24.0918419514519
"diversity752","SRR5271193",27.3772570177641
"diversity753","SRR5272158",23.7857618171669
"diversity754","SRR5272160",24.1810425383422
"diversity755","SRR5272171",23.8084103168284
"diversity756","SRR5277367",24.0761137258017
"diversity757","SRR5436189",25.8883809042823
"diversity758","SRR5436305",26.9390171685356
"diversity759","SRR5436309",23.7685236925575
"diversity760","SRR5436853",26.0504315539239
"diversity761","SRR5437016",23.3159037780475
"diversity762","SRR5437588",23.7583772724188
"diversity763","SRR5437660",23.5890043031807
"diversity764","SRR5437762",23.7774625083631
"diversity765","SRR5437763",24.2986960360914
"diversity766","SRR5437764",24.3154581721346
"diversity767","SRR5437773",22.9233372700777
"diversity768","SRR5437867",22.8230569322088
"diversity769","SRR5437868",26.7266009135533
"diversity770","SRR5437870",23.3498891949403
"diversity771","SRR5437879",22.9397234591852
"diversity772","SRR5437899",23.0809540909787
"diversity773","SRR5438034",22.944514636367
"diversity774","SRR5438045",24.3933710110734
"diversity775","SRR5438046",23.5246259188135
"diversity776","SRR5438067",23.7104716444134
"diversity777","SRR5438093",22.9226835072673
"diversity778","SRR5438094",22.7858218320318
"diversity779","SRR5438105",23.7768128172384
"diversity780","SRR5438128",23.5743634433138
"diversity781","SRR5438132",23.2806339763213
"diversity782","SRR5438270",24.1115699833921
"diversity783","SRR5438309",23.4611703653707
"diversity784","SRR5438445",23.0396538786673
"diversity785","SRR5438477",23.9075031659219
"diversity786","SRR5438552",23.4152634731938
"diversity787","SRR5438874",23.8204901855486
"diversity788","SRR5438876",23.2163463688504
"diversity789","SRR5439155",22.9403357866211
"diversity790","SRR5439720",22.7165862632308
"diversity791","SRR5450873",24.1411367172107
"diversity792","SRR5467141",22.8431006097741
"diversity793","SRR5467142",22.6266139562439
"diversity794","SRR5468417",23.4595052132174
"diversity795","SRR5499425",24.3787650592031
"diversity796","SRR5499426",24.2388452363402
"diversity797","SRR5499427",24.3049395454877
"diversity798","SRR5499433",24.0115744963343
"diversity799","SRR5579859",22.5283478241578
"diversity800","SRR5579863",23.4925994231346
"diversity801","SRR5579864",23.5968630328051
"diversity802","SRR5579871",22.3950978333316
"diversity803","SRR5579872",22.8824166689953
"diversity804","SRR5579875",18.7346693398678
"diversity805","SRR5579883",19.4477124646598
"diversity806","SRR5579884",20.044311088858
"diversity807","SRR5579885",20.31894478723
"diversity808","SRR5580765",24.3536204439942
"diversity809","SRR5581483",21.6487402804547
"diversity810","SRR5582390",23.1308542499049
"diversity811","SRR5582436",23.6847310486065
"diversity812","SRR5639170",22.8548276932647
"diversity813","SRR5659263",18.8828321432199
"diversity814","SRR5660397",17.9795281413148
"diversity815","SRR5660398",17.9565430026172
"diversity816","SRR5664279",22.706883383643
"diversity817","SRR5664280",20.1649069582157
"diversity818","SRR5665213",21.3400976439791
"diversity819","SRR5665647",20.1464603076166
"diversity820","SRR5665648",18.6091325154711
"diversity821","SRR5665809",17.9915981330438
"diversity822","SRR5665811",21.2916338967894
"diversity823","SRR5674476",19.8963130916632
"diversity824","SRR5674536",18.0596118582579
"diversity825","SRR5678805",18.9361339586252
"diversity826","SRR5678806",18.966992978411
"diversity827","SRR5678807",19.084053805372
"diversity828","SRR5678808",18.9337438820856
"diversity829","SRR5678809",22.0641259113228
"diversity830","SRR5678810",22.1600248786724
"diversity831","SRR5678811",18.8312748984796
"diversity832","SRR5678812",18.8672816608327
"diversity833","SRR5678813",22.0830010087752
"diversity834","SRR5678814",22.7903397204769
"diversity835","SRR5678815",22.799012535828
"diversity836","SRR5678816",22.8140982426841
"diversity837","SRR5680860",18.9421596568425
"diversity838","SRR5687767",26.4883469070172
"diversity839","SRR5687768",24.4806289313538
"diversity840","SRR5688500",24.2915755013184
"diversity841","SRR5688572",24.5727231506472
"diversity842","SRR5689334",25.0625362677328
"diversity843","SRR5690242",24.5075129943973
"diversity844","SRR5690348",24.2492959620985
"diversity845","SRR5690349",24.9838659420844
"diversity846","SRR5690554",19.7160714924673
"diversity847","SRR5690606",22.1922851043909
"diversity848","SRR5690625",18.801529873753
"diversity849","SRR5699024",18.4030642572627
"diversity850","SRR5712664",22.7737120357055
"diversity851","SRR5712671",23.6996559147993
"diversity852","SRR5712672",23.5902314663785
"diversity853","SRR5712675",23.8357117188188
"diversity854","SRR5712691",23.4296514396083
"diversity855","SRR5713101",23.0358355538654
"diversity856","SRR5713226",23.161845642476
"diversity857","SRR5829540",22.2490980378107
"diversity858","SRR5829542",20.6010956631516
"diversity859","SRR5829543",21.6544630904099
"diversity860","SRR5829544",21.8093533778954
"diversity861","SRR5829545",21.4667274326772
"diversity862","SRR5829546",21.6433852805716
"diversity863","SRR5829547",21.9696159464985
"diversity864","SRR5829548",21.2789041221711
"diversity865","SRR5829549",22.4240819436952
"diversity866","SRR5829550",21.8080926202819
"diversity867","SRR5829696",23.0165374861873
"diversity868","SRR5881195",23.7328184706004
"diversity869","SRR5881227",24.2866585965833
"diversity870","SRR5881275",24.3301636188441
"diversity871","SRR5881293",22.9696382481188
"diversity872","SRR5881296",23.1442084208748
"diversity873","SRR5881392",24.1234333845871
"diversity874","SRR5881394",24.1361662651634
"diversity875","SRR5881396",23.1721683030947
"diversity876","SRR5881397",23.7791066788812
"diversity877","SRR5881398",23.9312895074906
"diversity878","SRR5881409",23.6660441836075
"diversity879","SRR5881628",23.610946663009
"diversity880","SRR5882672",24.0036195390072
"diversity881","SRR5882724",23.6353705691793
"diversity882","SRR5882757",24.3332343130407
"diversity883","SRR5882762",23.6134086302384
"diversity884","SRR5915952",23.8313855850718
"diversity885","SRR5915956",23.8400098622543
"diversity886","SRR5915997",23.2312396796294
"diversity887","SRR5916035",23.8891564495782
"diversity888","SRR5916087",24.2857690686823
"diversity889","SRR5916093",23.5099504312594
"diversity890","SRR5916120",22.3959768393931
"diversity891","SRR5916140",23.3460913836555
"diversity892","SRR5916164",24.0446897292616
"diversity893","SRR5916175",23.274294942564
"diversity894","SRR5916184",24.2505894318041
"diversity895","SRR5916217",23.6975622590042
"diversity896","SRR5916285",23.713084509332
"diversity897","SRR5916294",23.7467357629118
"diversity898","SRR5916310",23.8892826282821
"diversity899","SRR5916354",23.5519236470035
"diversity900","SRR5916420",23.2270526297299
"diversity901","SRR5916425",23.3703985298022
"diversity902","SRR5918911",24.9981077529748
"diversity903","SRR5918912",24.9599439830406
"diversity904","SRR5918913",24.1441234340554
"diversity905","SRR5918914",23.5308366643501
"diversity906","SRR5918916",22.7267091574894
"diversity907","SRR5918921",23.4790276383616
"diversity908","SRR5918944",24.0564775820573
"diversity909","SRR5918954",23.1699932225232
"diversity910","SRR5918955",23.643126131559
"diversity911","SRR5918958",22.8465226061076
"diversity912","SRR5918970",23.5167768869148
"diversity913","SRR5918978",23.8635685017969
"diversity914","SRR5918986",23.359841017222
"diversity915","SRR5918988",23.7078499987972
"diversity916","SRR5918989",23.8273226631712
"diversity917","SRR5918992",23.8855069209511
"diversity918","SRR5918993",23.7509082119014
"diversity919","SRR5918994",23.679297093694
"diversity920","SRR5918995",23.6612111450347
"diversity921","SRR5918996",24.0355695338257
"diversity922","SRR5918997",24.1966753864519
"diversity923","SRR5918998",24.1951057403127
"diversity924","SRR5919014",24.4364312424665
"diversity925","SRR5919015",24.1583784163351
"diversity926","SRR5919096",22.2378905543924
"diversity927","SRR5919098",23.6347166912422
"diversity928","SRR5919099",24.1139587895044
"diversity929","SRR5919101",23.8318965397615
"diversity930","SRR5919103",23.9377945079778
"diversity931","SRR5919105",23.5452064311541
"diversity932","SRR5919106",24.022203612092
"diversity933","SRR5919107",24.4612886091278
"diversity934","SRR5919108",24.3125363325667
"diversity935","SRR5919109",24.1989067012954
"diversity936","SRR5919112",24.5899588467503
"diversity937","SRR5919159",23.5484468571488
"diversity938","SRR5919168",23.974399192341
"diversity939","SRR5919197",24.0252184491924
"diversity940","SRR5919198",23.9266780243244
"diversity941","SRR5919199",24.4194027996692
"diversity942","SRR5919200",23.1997497056508
"diversity943","SRR5919201",24.3909404680983
"diversity944","SRR5919202",24.5041096005998
"diversity945","SRR5919204",24.2601114921215
"diversity946","SRR5919206",25.2562235291135
"diversity947","SRR5919212",23.887550452213
"diversity948","SRR5919215",24.1986753302644
"diversity949","SRR5919221",23.6627906287144
"diversity950","SRR5919227",23.8729928234433
"diversity951","SRR5919245",24.1025281501619
"diversity952","SRR5919246",23.8081047088406
"diversity953","SRR5919249",24.270902416761
"diversity954","SRR5919288",23.9527974272674
"diversity955","SRR5919342",23.9188295452663
"diversity956","SRR5919343",24.0506902321744
"diversity957","SRR5919346",23.4329597642372
"diversity958","SRR5923059",23.5900113173947
"diversity959","SRR5923187",23.7360953818541
"diversity960","SRR5947199",24.0582772641322
"diversity961","SRR5947207",23.9507279029876
"diversity962","SRR5947208",23.979522098638
"diversity963","SRR5947209",24.3410847738585
"diversity964","SRR6056278",23.653840864758
"diversity965","SRR6056297",21.7178545391818
"diversity966","SRR6056298",22.7485634184915
"diversity967","SRR6058998",23.6475706636084
"diversity968","SRR6059058",24.2431163870497
"diversity969","SRR6152564",20.8774670875865
"diversity970","SRR6181342",24.5026742299326
"diversity971","SRR6181350",24.797214560034
"diversity972","SRR6184192",23.1545438562087
"diversity973","SRR6184671",24.9064353022491
"diversity974","SRR6185295",25.0376434922474
"diversity975","SRR6185312",23.8332885370075
"diversity976","SRR6185369",24.6332059115994
"diversity977","SRR6185436",25.0766864018264
"diversity978","SRR6185437",23.1815000118579
"diversity979","SRR6185503",24.756801505529
"diversity980","SRR6185512",23.7968819264765
"diversity981","SRR6186713",24.338738056922
"diversity982","SRR6186997",24.4381610967814
"diversity983","SRR6187048",24.2114453528447
"diversity984","SRR6187200",24.2501554027762
"diversity985","SRR6187201",23.9139419942617
"diversity986","SRR6187397",24.3503494627938
"diversity987","SRR6187398",24.3171135612947
"diversity988","SRR6187399",24.268476043702
"diversity989","SRR6187400",24.0718897569578
"diversity990","SRR6187401",24.4410306138642
"diversity991","SRR6187402",24.4522329268375
"diversity992","SRR6187431",24.4114139859229
"diversity993","SRR6187455",24.3354848647638
"diversity994","SRR6187549",24.635191671894
"diversity995","SRR6187551",24.3292884081418
"diversity996","SRR6188470",24.2779548083732
"diversity997","SRR6188471",24.1527217637402
"diversity998","SRR6188472",24.3325562915735
"diversity999","SRR6188473",24.2507449640959
"diversity1000","SRR6188474",24.5115024463838
"diversity1001","SRR6188508",24.2983015973018
"diversity1002","SRR6188509",24.4235341094114
"diversity1003","SRR6188602",24.0326547569581
"diversity1004","SRR6188768",24.4493847356808
"diversity1005","SRR6193119",21.1924216265965
"diversity1006","SRR6195256",24.448300697985
"diversity1007","SRR6195952",24.7486701275817
"diversity1008","SRR6195974",21.3202941039602
"diversity1009","SRR6195975",21.3377476887922
"diversity1010","SRR6201747",24.6045316204489
"diversity1011","SRR6201865",23.4579723223206
"diversity1012","SRR6201908",24.0585263911643
"diversity1013","SRR6201927",23.8663757216612
"diversity1014","SRR6201981",24.2048983866435
"diversity1015","SRR6201982",24.49391199104
"diversity1016","SRR6201984",24.164879532683
"diversity1017","SRR6201985",24.4927993388446
"diversity1018","SRR6201986",24.702391361509
"diversity1019","SRR6201987",24.2593121481074
"diversity1020","SRR6201988",24.5880686861164
"diversity1021","SRR6201989",24.517720160747
"diversity1022","SRR6201990",25.1042951302495
"diversity1023","SRR6201991",24.4216969971676
"diversity1024","SRR6201992",24.3701731228067
"diversity1025","SRR6201993",24.4257955342252
"diversity1026","SRR6201994",24.5416550809205
"diversity1027","SRR6201995",24.5838903970606
"diversity1028","SRR6201998",24.1655366731585
"diversity1029","SRR6201999",24.6407088443145
"diversity1030","SRR6202000",24.2109477392117
"diversity1031","SRR6202007",24.435595848512
"diversity1032","SRR6202008",24.6524552195043
"diversity1033","SRR6202011",23.5853007404083
"diversity1034","SRR6202012",24.337815222816
"diversity1035","SRR6202019",27.8932392665656
"diversity1036","SRR6202020",24.8932823656968
"diversity1037","SRR6202021",23.5751460408609
"diversity1038","SRR6202022",23.9859870795357
"diversity1039","SRR6202023",23.6727777851214
"diversity1040","SRR6202030",25.2027544465481
"diversity1041","SRR6202034",23.4182882587619
"diversity1042","SRR6202035",24.0802552092819
"diversity1043","SRR6202040",24.9170632762803
"diversity1044","SRR6202041",23.1642530659469
"diversity1045","SRR6202042",24.4527324021111
"diversity1046","SRR6202043",23.7496190157142
"diversity1047","SRR6202044",26.3067078960266
"diversity1048","SRR6202045",23.6411141548985
"diversity1049","SRR6202046",24.0294261021826
"diversity1050","SRR6202047",23.5959116207593
"diversity1051","SRR6202048",23.9317763349774
"diversity1052","SRR6202049",23.4426710837755
"diversity1053","SRR6202050",23.1264122974377
"diversity1054","SRR6202140",24.8727533975002
"diversity1055","SRR6202142",23.9391286185798
"diversity1056","SRR6202158",23.6901729807151
"diversity1057","SRR6202161",26.226720419043
"diversity1058","SRR6202162",23.9201923870127
"diversity1059","SRR6202163",25.5950367265588
"diversity1060","SRR6202165",23.4129729174371
"diversity1061","SRR6202166",25.1833134036472
"diversity1062","SRR6202167",23.5411418156817
"diversity1063","SRR6202171",23.400221814514
"diversity1064","SRR6202451",24.7519984948026
"diversity1065","SRR6202453",23.2067340301854
"diversity1066","SRR6202521",23.4084079423894
"diversity1067","SRR6202522",23.0194910276227
"diversity1068","SRR6202789",23.8342105451212
"diversity1069","SRR6202790",24.3321378820593
"diversity1070","SRR6202795",26.2598441629974
"diversity1071","SRR6204780",23.8831482007179
"diversity1072","SRR6241674",23.3843008837658
"diversity1073","SRR6266403",22.7808301644347
"diversity1074","SRR6266478",23.1350556793727
"diversity1075","SRR6266480",23.0856596541987
"diversity1076","SRR6266508",22.0095050688253
"diversity1077","SRR6266536",22.2466347779028
"diversity1078","SRR6266542",21.8379291733728
"diversity1079","SRR6266545",21.8590704510911
"diversity1080","SRR6266566",22.5392010514872
"diversity1081","SRR6266567",23.1943003137425
"diversity1082","SRR6266568",22.4928076940105
"diversity1083","SRR6266576",23.3482872701337
"diversity1084","SRR6266700",22.9372677413119
"diversity1085","SRR6266849",23.0982623768145
"diversity1086","SRR6266851",22.439550906493
"diversity1087","SRR6293899",23.2460076264007
"diversity1088","SRR6293900",23.2266206063649
"diversity1089","SRR6476469",24.6252379785225
"diversity1090","SRR6476619",24.6366879035755
"diversity1091","SRR6476620",24.7213197497209
"diversity1092","SRR6476646",24.5539172275396
"diversity1093","SRR6476660",24.6579418392076
"diversity1094","SRR6478672",24.6412601840495
"diversity1095","SRR6478735",24.6004961718575
"diversity1096","SRR6478736",24.5637993697069
"diversity1097","SRR6478752",24.5126028829819
"diversity1098","SRR6797243",23.2894169983822
"diversity1099","SRR6797244",23.1615775816243
"diversity1100","SRR6797246",23.2982496317537
"diversity1101","SRR6831574",24.0373748431322
"diversity1102","SRR6956465",24.3853670333211
"diversity1103","SRR6956476",24.4325079412448
"diversity1104","SRR6956671",24.0946713148142
"diversity1105","SRR6956731",24.2910911024079
"diversity1106","SRR6958124",25.4192729694826
"diversity1107","SRR6958471",24.8229425902656
"diversity1108","SRR6958472",24.4834081148126
"diversity1109","SRR6958552",24.1387594094021
"diversity1110","SRR7003761",23.5258595385159
"diversity1111","SRR7003762",22.9183905054335
"diversity1112","SRR7003763",20.5096617509203
"diversity1113","SRR7003764",23.1324916870134
"diversity1114","SRR7003765",23.2517573301693
"diversity1115","SRR7003766",23.2747399630279
"diversity1116","SRR7003767",19.7531388315857
"diversity1117","SRR7003810",21.0325402026315
"diversity1118","SRR7004144",21.7644083813611
"diversity1119","SRR7004167",22.2839750062074
"diversity1120","SRR7004174",22.7032925344893
"diversity1121","SRR7004194",22.3219344217815
"diversity1122","SRR7004195",23.5409583461941
"diversity1123","SRR7004196",23.3543800053224
"diversity1124","SRR7004197",22.934822849902
"diversity1125","SRR7004198",24.4261915004525
"diversity1126","SRR7004199",24.121364541668
"diversity1127","SRR7004200",23.2218992943601
"diversity1128","SRR7004201",24.0174068261974
"diversity1129","SRR7004202",24.2284820959819
"diversity1130","SRR7004203",23.0591248925407
"diversity1131","SRR7004204",23.5706277256564
"diversity1132","SRR7004205",23.0218399778527
"diversity1133","SRR7004206",24.4929240901812
"diversity1134","SRR7004333",24.457651023374
"diversity1135","SRR7004334",24.8543379215177
"diversity1136","SRR7004335",24.5124629735283
"diversity1137","SRR7004337",23.4472573014112
"diversity1138","SRR7004338",24.0998477857989
"diversity1139","SRR7004339",23.852837536377
"diversity1140","SRR7004340",24.1668997244352
"diversity1141","SRR7004342",23.4982232296468
"diversity1142","SRR7004343",22.9831239983592
"diversity1143","SRR7004344",22.9625761401113
"diversity1144","SRR7004345",24.7206857281721
"diversity1145","SRR7004346",24.228562827966
"diversity1146","SRR7004347",24.9860512853565
"diversity1147","SRR7006909",23.8130678354913
"diversity1148","SRR7010302",24.2675390576891
"diversity1149","SRR7010303",24.3218398079031
"diversity1150","SRR7010524",28.4492519168849
"diversity1151","SRR7010525",27.2301139636036
"diversity1152","SRR7010528",24.2884016437686
"diversity1153","SRR7010529",24.209882408331
"diversity1154","SRR7011027",28.039636403493
"diversity1155","SRR7011028",24.4386984454141
"diversity1156","SRR7011568",27.5405362978402
"diversity1157","SRR7011569",26.4519245123554
"diversity1158","SRR7011570",24.1640764111337
"diversity1159","SRR7011571",24.1139540738284
"diversity1160","SRR7011573",24.207531423214
"diversity1161","SRR7011574",23.9939720971379
"diversity1162","SRR7011725",24.0149220842085
"diversity1163","SRR7011726",24.0226862424553
"diversity1164","SRR7011942",24.8307614252729
"diversity1165","SRR7011943",24.6192683357807
"diversity1166","SRR7011944",28.1545722916411
"diversity1167","SRR7011945",27.9489303813011
"diversity1168","SRR7011951",24.0595100453331
"diversity1169","SRR7011953",29.2287188769175
"diversity1170","SRR7011954",31.2563924550097
"diversity1171","SRR7011960",23.9932618691065
"diversity1172","SRR7011961",24.0020369131959
"diversity1173","SRR7011963",26.0972846100043
"diversity1174","SRR7011964",25.0148711636403
"diversity1175","SRR7011991",24.5471056297132
"diversity1176","SRR7011995",23.1220633141151
"diversity1177","SRR7011996",23.1580034674216
"diversity1178","SRR7011997",27.4619092985294
"diversity1179","SRR7011999",32.1373932269778
"diversity1180","SRR7012000",31.4573011179869
"diversity1181","SRR7012006",22.998152230449
"diversity1182","SRR7012007",23.0231294145939
"diversity1183","SRR7012429",24.403131641755
"diversity1184","SRR7012430",24.353650150275
"diversity1185","SRR7012453",28.2163287176688
"diversity1186","SRR7012454",30.8836781045563
"diversity1187","SRR7012891",23.8014656306032
"diversity1188","SRR7012892",23.6864912972578
"diversity1189","SRR7012999",24.404523537995
"diversity1190","SRR7013000",24.3686814060267
"diversity1191","SRR7013837",24.74217720209
"diversity1192","SRR7013838",24.7092720328166
"diversity1193","SRR7013839",24.1531227335952
"diversity1194","SRR7013844",24.8541037040991
"diversity1195","SRR7015784",23.962475995602
"diversity1196","SRR7015785",23.9162473671035
"diversity1197","SRR7015786",24.5478714343154
"diversity1198","SRR7015787",24.4073312353804
"diversity1199","SRR7015886",23.4874470982965
"diversity1200","SRR7015887",23.524583811189
"diversity1201","SRR7015888",27.0791320883695
"diversity1202","SRR7015889",26.7666923778726
"diversity1203","SRR7015890",23.7335276336968
"diversity1204","SRR7015891",23.7071087065811
"diversity1205","SRR7015892",23.6415880869917
"diversity1206","SRR7015893",23.5970877847964
"diversity1207","SRR7015916",24.9167146840622
"diversity1208","SRR7015917",24.5183527511583
"diversity1209","SRR7015918",27.2670912368625
"diversity1210","SRR7015919",26.6571440756341
"diversity1211","SRR7015921",23.7349250955724
"diversity1212","SRR7026199",23.7194603613403
"diversity1213","SRR7026200",23.5597285067133
"diversity1214","SRR7026201",22.8200698143387
"diversity1215","SRR7026202",22.7953804998639
"diversity1216","SRR7026233",23.5666410471236
"diversity1217","SRR7026234",23.8532424781488
"diversity1218","SRR7026235",23.1538789703261
"diversity1219","SRR7026236",23.2000417005674
"diversity1220","SRR7026237",23.4463075548163
"diversity1221","SRR7026238",23.4527322336153
"diversity1222","SRR7026259",28.4681179998429
"diversity1223","SRR7026260",27.7110564135756
"diversity1224","SRR7026261",23.1573943519757
"diversity1225","SRR7026262",23.2399041233223
"diversity1226","SRR7026263",24.4351482175826
"diversity1227","SRR7026264",24.3543383328369
"diversity1228","SRR7026313",24.1137783063755
"diversity1229","SRR7026314",24.1709714382587
"diversity1230","SRR7026336",24.033901009858
"diversity1231","SRR7026337",24.0492197613776
"diversity1232","SRR7026338",24.2066713464911
"diversity1233","SRR7026339",24.1711362215878
"diversity1234","SRR7026340",26.1007713087745
"diversity1235","SRR7026341",25.0014621361234
"diversity1236","SRR7026342",25.2396198701247
"diversity1237","SRR7026343",24.591231723674
"diversity1238","SRR7026344",23.4566479436463
"diversity1239","SRR7026345",23.6302624691574
"diversity1240","SRR7026346",28.7158913802213
"diversity1241","SRR7026347",29.3161599467515
"diversity1242","SRR7026370",24.2283886546796
"diversity1243","SRR7026371",24.1648911653128
"diversity1244","SRR7026372",23.8431394440617
"diversity1245","SRR7026373",23.8197099476534
"diversity1246","SRR7026374",28.9017299129774
"diversity1247","SRR7026375",28.6277901399181
"diversity1248","SRR7026472",28.3091532257415
"diversity1249","SRR7026473",28.650068791835
"diversity1250","SRR7026474",21.5223729331525
"diversity1251","SRR7026475",21.5755784609463
"diversity1252","SRR7026476",21.9274644028313
"diversity1253","SRR7026477",21.8068031540491
"diversity1254","SRR7026479",25.1287511693565
"diversity1255","SRR7026480",25.025904871455
"diversity1256","SRR7026485",23.8161105045781
"diversity1257","SRR7026486",23.9056030629751
"diversity1258","SRR7026487",24.4155010886843
"diversity1259","SRR7026488",24.4465695062626
"diversity1260","SRR7026559",24.4427449720473
"diversity1261","SRR7026561",24.8045066049606
"diversity1262","SRR7026562",24.7828939533419
"diversity1263","SRR7026564",23.2581835468131
"diversity1264","SRR7026568",22.7295537971715
"diversity1265","SRR7026569",22.6984850164487
"diversity1266","SRR7026570",23.0837022465065
"diversity1267","SRR7026571",23.1192846509808
"diversity1268","SRR7026572",22.9575260604069
"diversity1269","SRR7026573",22.9428205595615
"diversity1270","SRR7027364",31.2419044417951
"diversity1271","SRR7027365",31.6237807491577
"diversity1272","SRR7027366",33.2677988804937
"diversity1273","SRR7027367",32.8114659553873
"diversity1274","SRR7027368",23.9232462508405
"diversity1275","SRR7027369",23.8716741105081
"diversity1276","SRR7027379",24.568213897248
"diversity1277","SRR7027380",24.6255256205757
"diversity1278","SRR7042343",23.8519237556263
"diversity1279","SRR7091522",24.1704174792939
"diversity1280","SRR7091523",24.0886705752051
"diversity1281","SRR7093038",23.6505537770395
"diversity1282","SRR7093792",23.39108194637
"diversity1283","SRR7093793",24.1461431675019
"diversity1284","SRR7093794",23.6188658881187
"diversity1285","SRR7093795",23.7188655986164
"diversity1286","SRR7093796",23.7595432339135
"diversity1287","SRR7093797",23.8809372407685
"diversity1288","SRR7094830",23.5846667684437
"diversity1289","SRR7094832",24.3497619598029
"diversity1290","SRR7094833",23.7703847867888
"diversity1291","SRR7094834",23.3600808932628
"diversity1292","SRR7095402",23.8868644046639
"diversity1293","SRR7096127",24.2130051083693
"diversity1294","SRR7096238",23.7361577249415
"diversity1295","SRR7097860",23.0160792078259
"diversity1296","SRR7097861",23.4419094115407
"diversity1297","SRR7097862",23.5266817276632
"diversity1298","SRR7097863",23.664037010285
"diversity1299","SRR7098091",23.3669253256795
"diversity1300","SRR7098092",24.1130043391969
"diversity1301","SRR7100769",23.0819931916489
"diversity1302","SRR7100789",22.948735978297
"diversity1303","SRR7101043",23.2519173082032
"diversity1304","SRR7101595",23.2160848052591
"diversity1305","SRR7102015",23.5411713273694
"diversity1306","SRR7102016",22.984050842363
"diversity1307","SRR7141809",24.4996975848099
"diversity1308","SRR7467816",24.6735420999024
"diversity1309","SRR7468329",23.6155875503398
"diversity1310","SRR7468330",25.7486741277759
"diversity1311","SRR7468331",23.1600905943708
"diversity1312","SRR7468582",23.1498641905301
"diversity1313","SRR7468592",23.0005921412575
"diversity1314","SRR7468842",23.3045405938788
"diversity1315","SRR7468846",23.6855024411619
"diversity1316","SRR7468865",26.0477616962479
"diversity1317","SRR7469208",23.4494375954207
"diversity1318","SRR7469209",24.6957546579622
"diversity1319","SRR7469572",25.0435548816319
"diversity1320","SRR7469583",22.9033980519371
"diversity1321","SRR7469745",25.3090429630294
"diversity1322","SRR7470025",24.4298621426426
"diversity1323","SRR7470026",23.573917730986
"diversity1324","SRR7470361",23.586413398784
"diversity1325","SRR7470970",26.3634559320522
"diversity1326","SRR7470972",23.5313613930128
"diversity1327","SRR7470973",23.5417209457129
"diversity1328","SRR7470978",25.4934693263002
"diversity1329","SRR7471037",25.8615795243548
"diversity1330","SRR7471038",25.0082249274994
"diversity1331","SRR7471040",23.3621801214611
"diversity1332","SRR7471043",23.3039356029053
"diversity1333","SRR7471159",24.7602683444928
"diversity1334","SRR7471160",23.3213471008792
"diversity1335","SRR7471161",23.5523089324432
"diversity1336","SRR7471224",23.3142070181505
"diversity1337","SRR7471225",23.3960853555186
"diversity1338","SRR7471226",24.8880671941234
"diversity1339","SRR7471323",24.6813138520766
"diversity1340","SRR7471324",23.532465361984
"diversity1341","SRR7471325",23.3105597624454
"diversity1342","SRR7471326",26.8727313410456
"diversity1343","SRR7471327",23.3567382610686
"diversity1344","SRR7471329",26.2214436839127
"diversity1345","SRR7471330",23.4757588707885
"diversity1346","SRR7471331",26.4774404637189
"diversity1347","SRR7471335",23.447350907596
"diversity1348","SRR7471336",23.5863300712307
"diversity1349","SRR7471412",26.3842277509592
"diversity1350","SRR7471413",23.496828293442
"diversity1351","SRR7471414",23.5189201902009
"diversity1352","SRR7471415",27.1679164604824
"diversity1353","SRR7471668",26.0198385037242
"diversity1354","SRR7471669",25.8223687990549
"diversity1355","SRR7471670",23.5358072522478
"diversity1356","SRR7471683",23.716558631161
"diversity1357","SRR7471701",23.7252229951809
"diversity1358","SRR7471702",23.7549060153159
"diversity1359","SRR7471703",23.4702100100166
"diversity1360","SRR7471704",25.5924590318182
"diversity1361","SRR7471708",26.6729905984937
"diversity1362","SRR7471730",26.2867283934819
"diversity1363","SRR7471731",23.4893162141808
"diversity1364","SRR7471732",23.6103630268601
"diversity1365","SRR7471733",28.9664186588454
"diversity1366","SRR7471734",23.6847281750366
"diversity1367","SRR7472063",25.01545308366
"diversity1368","SRR7472064",23.8645463395515
"diversity1369","SRR7495874",22.9740678185694
"diversity1370","SRR7495881",23.829231551688
"diversity1371","SRR7497547",22.9612787590776
"diversity1372","SRR7497548",22.9589394322147
"diversity1373","SRR7497549",22.6147368342167
"diversity1374","SRR7497550",22.5211101046786
"diversity1375","SRR7591063",23.2041235085915
"diversity1376","SRR7595568",23.4081367369892
"diversity1377","SRR7595584",23.4007815683669
"diversity1378","SRR7629274",23.1071632745176
"diversity1379","SRR7629275",23.4149743208888
"diversity1380","SRR7629276",23.3979652955716
"diversity1381","SRR7629277",23.2863741809651
"diversity1382","SRR7629278",23.2098035190566
"diversity1383","SRR7629279",17.7845220551183
"diversity1384","SRR7629280",17.5033581906584
"diversity1385","SRR7629281",17.134422346328
"diversity1386","SRR7629282",17.4927455878257
"diversity1387","SRR7686989",24.0409374345181
"diversity1388","SRR7686990",24.2557885023616
"diversity1389","SRR7686991",24.0951506057184
"diversity1390","SRR7686992",24.373453478938
"diversity1391","SRR7686993",23.8220992209533
"diversity1392","SRR7686999",23.7955942663279
"diversity1393","SRR7687000",23.719558228501
"diversity1394","SRR7687001",24.4281393665683
"diversity1395","SRR7687002",24.2415312391507
"diversity1396","SRR7687003",24.4200685928102
"diversity1397","SRR7687004",24.0761442522211
"diversity1398","SRR7687005",24.2955742335252
"diversity1399","SRR7687006",23.9819747183741
"diversity1400","SRR7687007",24.1225778588879
"diversity1401","SRR7687008",24.2788298735199
"diversity1402","SRR7687010",24.1512141330129
"diversity1403","SRR7687011",24.263157308591
"diversity1404","SRR7687012",24.2390974765483
"diversity1405","SRR7687013",24.4836835505149
"diversity1406","SRR7687014",24.3265015136126
"diversity1407","SRR7687071",23.9009753555001
"diversity1408","SRR7687072",24.1378091281799
"diversity1409","SRR7687073",24.2559661181063
"diversity1410","SRR7687074",24.357971733784
"diversity1411","SRR7687075",24.0312903286091
"diversity1412","SRR7687076",24.3323401105229
"diversity1413","SRR7687077",24.3810545671864
"diversity1414","SRR7687087",24.1042417877172
"diversity1415","SRR7687341",17.9939419828985
"diversity1416","SRR7777325",24.0732237926952
"diversity1417","SRR7882662",20.1850640886468
"diversity1418","SRR7882663",16.7681907864215
"diversity1419","SRR7965387",24.2025136076946
"diversity1420","SRR7965391",24.4794222824925
"diversity1421","SRR7965730",24.3297567558581
"diversity1422","SRR7965772",24.4100820665722
"diversity1423","SRR7965773",24.1013038644442
"diversity1424","SRR7965774",24.2656446074987
"diversity1425","SRR7965775",24.1000959246681
"diversity1426","SRR7965806",24.3296172640067
"diversity1427","SRR7965807",24.0709208645924
"diversity1428","SRR7965808",24.4347114455559
"diversity1429","SRR7967783",24.3889823245545
"diversity1430","SRR7967784",24.1764954173412
"diversity1431","SRR7967785",24.1127506855502
"diversity1432","SRR7967786",24.0936885924227
"diversity1433","SRR7967787",24.2026152119222
"diversity1434","SRR7967818",24.3746910800573
"diversity1435","SRR7967860",24.1971571942773
"diversity1436","SRR7967861",24.3049132971224
"diversity1437","SRR7967862",24.4742038698085
"diversity1438","SRR7967863",24.2643984742043
"diversity1439","SRR7967864",24.3096337797589
"diversity1440","SRR7967865",24.3355338201764
"diversity1441","SRR7967922",24.2318939173562
"diversity1442","SRR7967948",24.2343292181373
"diversity1443","SRR7967952",24.3827877417511
"diversity1444","SRR7967953",24.5472868560355
"diversity1445","SRR7967954",24.49149385375
"diversity1446","SRR7968240",24.0271816630998
"diversity1447","SRR7968259",24.9045313196819
"diversity1448","SRR7968260",28.75151875851
"diversity1449","SRR7968261",24.2411601058942
"diversity1450","SRR7968333",23.9998653402608
"diversity1451","SRR7968350",25.7062482648618
"diversity1452","SRR7968364",24.9921981781626
"diversity1453","SRR7968380",23.8081272317438
"diversity1454","SRR7968381",23.7734738980547
"diversity1455","SRR7968382",23.0335543158134
"diversity1456","SRR7968383",23.9319165757108
"diversity1457","SRR7968417",23.8488650611085
"diversity1458","SRR7968834",24.7340556219749
"diversity1459","SRR7968837",24.7749301165819
"diversity1460","SRR7968838",23.8873262593362
"diversity1461","SRR7969078",23.5632284661719
"diversity1462","SRR7969083",24.2535931677541
"diversity1463","SRR7969286",23.8834755167959
"diversity1464","SRR7969287",23.9763520912168
"diversity1465","SRR7969288",23.8067387124582
"diversity1466","SRR7969289",24.6451315340492
"diversity1467","SRR7969351",23.2283877598113
"diversity1468","SRR7970553",24.248710172272
"diversity1469","SRR7970554",24.6043677342458
"diversity1470","SRR7970555",24.1145474480839
"diversity1471","SRR7970742",24.1075615973142
"diversity1472","SRR7970743",23.5645810947182
"diversity1473","SRR7970744",24.9673342604959
"diversity1474","SRR7970745",23.7366359351409
"diversity1475","SRR7970746",23.5691536312442
"diversity1476","SRR7970950",23.6177542206844
"diversity1477","SRR7970951",23.6938933161153
"diversity1478","SRR7970985",23.4907159205164
"diversity1479","SRR7974119",24.7259731300753
"diversity1480","SRR7975437",24.1512067552241
"diversity1481","SRR7975438",24.1509287129852
"diversity1482","SRR7975446",23.6433182261711
"diversity1483","SRR7976076",24.000206090342
"diversity1484","SRR7976077",23.4051260391995
"diversity1485","SRR7976078",25.6114239153517
"diversity1486","SRR7976138",23.416237370827
"diversity1487","SRR7976139",24.8582998846895
"diversity1488","SRR7976237",19.6605848494053
"diversity1489","SRR8090375",22.8859560266242
"diversity1490","SRR8100014",23.1648692121805
"diversity1491","SRR8100015",23.1407835060923
"diversity1492","SRR8100016",23.1641336413087
"diversity1493","SRR8100017",23.196519839872
"diversity1494","SRR8100018",23.3080120601761
"diversity1495","SRR8100019",23.2501718094451
"diversity1496","SRR8100020",23.2679106473475
"diversity1497","SRR8100021",23.2732320724312
"diversity1498","SRR8100044",24.4425814820488
"diversity1499","SRR8185406",21.7976887262712
"diversity1500","SRR8191071",23.8822849668703
"diversity1501","SRR8205298",23.004824514174
"diversity1502","SRR8205300",22.7544946289404
"diversity1503","SRR8205301",23.1725454678641
"diversity1504","SRR8205303",23.4441033752356
"diversity1505","SRR8205304",22.6580637455985
"diversity1506","SRR8205305",22.6295974425217
"diversity1507","SRR8205306",23.4706570552701
"diversity1508","SRR8205307",23.6863348901036
"diversity1509","SRR8205308",22.6588126047425
"diversity1510","SRR8205309",22.8984743143648
"diversity1511","SRR8205310",22.8281153070242
"diversity1512","SRR8205311",23.1865875842034
"diversity1513","SRR8205312",23.2453791678382
"diversity1514","SRR8205313",23.5769528383106
"diversity1515","SRR8205314",22.7840491394044
"diversity1516","SRR8205316",22.9828926929655
"diversity1517","SRR8270004",13.7448106588059
"diversity1518","SRR8270006",13.2477206382904
"diversity1519","SRR8435548",12.8811718273989
"diversity1520","SRR8435584",13.9511355528702
"diversity1521","SRR8435635",13.8449712363106
"diversity1522","SRR8435649",13.0172324157871
"diversity1523","SRR8437982",24.2260843755108
"diversity1524","SRR8437983",24.1835652208764
"diversity1525","SRR8437984",24.3089416892916
"diversity1526","SRR8438001",24.6469870189496
"diversity1527","SRR8438002",24.0050401437206
"diversity1528","SRR8438005",24.3543398495551
"diversity1529","SRR8438006",24.2588778558997
"diversity1530","SRR8438007",24.3960766989185
"diversity1531","SRR8438359",16.6162785857463
"diversity1532","SRR8438360",16.4445266949386
"diversity1533","SRR8438362",17.7838604896268
"diversity1534","SRR8438363",17.6714144253384
"diversity1535","SRR8438364",18.0643796526035
"diversity1536","SRR8438365",16.8293105756071
"diversity1537","SRR8438377",17.7448020395979
"diversity1538","SRR8438384",17.3049095365293
"diversity1539","SRR8438981",17.1690114531713
"diversity1540","SRR8438982",16.7685018935513
"diversity1541","SRR8438987",20.186887571217
"diversity1542","SRR8438988",18.5904466016736
"diversity1543","SRR8438989",17.2149594852776
"diversity1544","SRR8438990",18.5351376558744
"diversity1545","SRR8439256",21.5214092319394
"diversity1546","SRR8439257",21.8111334895181
"diversity1547","SRR8439258",20.7934550733532
"diversity1548","SRR8439261",22.5163028449605
"diversity1549","SRR8439391",22.2624238635315
"diversity1550","SRR8536102",17.7635799346884
"diversity1551","SRR8536153",17.5446628165212
"diversity1552","SRR8536155",24.2342441996319
"diversity1553","SRR8536188",22.2032270255098
"diversity1554","SRR8536189",21.8981225214202
"diversity1555","SRR8536191",22.3711357836246
"diversity1556","SRR8536201",22.5424846007677
"diversity1557","SRR8536941",23.8995769146575
"diversity1558","SRR8543488",23.8536904764778
"diversity1559","SRR8544467",23.6007153481753
"diversity1560","SRR8549365",24.5076987995641
"diversity1561","SRR8553626",23.1547109251594
"diversity1562","SRR8553627",23.034357219485
"diversity1563","SRR8553635",22.9847702978936
"diversity1564","SRR8553636",23.0787643496068
"diversity1565","SRR8553638",22.9698451500115
"diversity1566","SRR8553639",23.0068268673964
"diversity1567","SRR8553640",23.2680410501304
"diversity1568","SRR8553641",23.4474589545013
"diversity1569","SRR8553642",22.7158876241671
"diversity1570","SRR8554483",19.3977231751304
"diversity1571","SRR8554485",19.3045650025122
"diversity1572","SRR8554501",19.3189138639731
"diversity1573","SRR8554503",18.7595120062091
"diversity1574","SRR8554504",21.0173868680283
"diversity1575","SRR8554505",20.9627155079175
"diversity1576","SRR8554511",21.1749594869454
"diversity1577","SRR8554512",21.0991054919512
"diversity1578","SRR8554643",21.1347577851093
"diversity1579","SRR8554898",23.9710628782119
"diversity1580","SRR8556377",21.0814042633339
"diversity1581","SRR8558718",23.3327429155139
"diversity1582","SRR8558719",23.3155232783809
"diversity1583","SRR8558721",24.8008409439141
"diversity1584","SRR8821132",23.4266613274938
"diversity1585","SRR8821151",23.4820212639192
"diversity1586","SRR8858270",15.1389128611296
"diversity1587","SRR8861596",23.4738569684175
"diversity1588","SRR8862977",23.5990594111801
"diversity1589","SRR8863040",23.6458978730075
"diversity1590","SRR8863074",23.3937623528833
"diversity1591","SRR8863101",23.5888027828926
"diversity1592","SRR8863102",23.4424979848109
"diversity1593","SRR8863176",23.5224929127209
"diversity1594","SRR8863177",23.8213814920602
"diversity1595","SRR8863178",23.4073021275375
"diversity1596","SRR8863179",23.4362175366584
"diversity1597","SRR8863180",23.2841768988468
"diversity1598","SRR8863203",23.5904918314926
"diversity1599","SRR8874670",24.0119243070096
"diversity1600","SRR8874768",24.1909395839299
"diversity1601","SRR8874838",24.2034803039935
"diversity1602","SRR8879130",23.9263589219414
"diversity1603","SRR8879131",23.3864955052302
"diversity1604","SRR8879132",22.4000047349826
"diversity1605","SRR8879133",22.7788024334105
"diversity1606","SRR8879134",23.7283465430326
"diversity1607","SRR8879135",21.7843869755214
"diversity1608","SRR8879136",23.6432039840386
"diversity1609","SRR8879137",22.0169789812563
"diversity1610","SRR8881005",23.2439919190568
"diversity1611","SRR8881006",23.2973569101096
"diversity1612","SRR8881007",23.4052437165426
"diversity1613","SRR8881008",23.780418875485
"diversity1614","SRR8881009",23.9508169754016
"diversity1615","SRR8881010",23.5704380228338
"diversity1616","SRR8881011",22.8713969252209
"diversity1617","SRR8881341",22.8600806766213
"diversity1618","SRR8881745",22.7736501332705
"diversity1619","SRR8987900",23.9310087728363
"diversity1620","SRR8987901",23.7579855648927
"diversity1621","SRR8987902",23.7037836460618
"diversity1622","SRR8987903",23.5199261189354
"diversity1623","SRR9002931",23.4664878180365
"diversity1624","SRR9007738",22.6078118602303
"diversity1625","SRR9009769",24.263054853799
"diversity1626","SRR9009773",24.3943148459949
"diversity1627","SRR9009774",24.0011984042743
"diversity1628","SRR9030504",24.5136802551726
"diversity1629","SRR9030505",24.5329158600692
"diversity1630","SRR9030506",24.0580761589386
"diversity1631","SRR9030507",24.0740705593748
"diversity1632","SRR9032072",24.1240797199678
"diversity1633","SRR9032073",24.1407380732663
"diversity1634","SRR9032074",24.1883649738335
"diversity1635","SRR9032075",24.2718507593551
"diversity1636","SRR9032198",24.128309949239
"diversity1637","SRR9032199",24.3066702915505
"diversity1638","SRR9032202",24.1919399290485
"diversity1639","SRR9032259",24.1926196780327
"diversity1640","SRR9032267",24.2672627148452
"diversity1641","SRR9032300",24.3804373346136
"diversity1642","SRR9032509",24.295479139581
"diversity1643","SRR9032510",24.2520401245178
"diversity1644","SRR9032615",24.1980099478748
"diversity1645","SRR9032694",24.245896691416
"diversity1646","SRR9032715",24.2251950953295
"diversity1647","SRR988077",23.3774337008411
"diversity1648","SRR988082",23.9030551599268
"diversity1649","SRR988083",23.8377860627279
"diversity1650","SRR988085",23.6129086387967
"diversity1651","SRR988086",23.6649868523544
"diversity1652","SRR988087",24.1154498857494
"diversity1653","SRR988088",24.0798322966846
"diversity1654","SRR988089",23.6298127475134
"diversity1655","SRR988090",23.9487042862519
"diversity1656","SRR988091",23.8667192060945
"diversity1657","SRR988092",23.6598407196698
"diversity1658","SRR988093",23.7822610617723
"diversity1659","SRR988094",23.9800108738639
"diversity1660","SRR988096",24.1714481933158
"diversity1661","Z1jian_BDME190025990",23.2287163654671
"diversity1662","Z1W_BDME190025931",23.4544826313764
"diversity1663","Z1xia_BDME190025991",22.3427320908096
"diversity1664","Z2jian_BDME190025923",23.1401923404584
"diversity1665","Z2tu_BDME190025922",23.1484744898793
"diversity1666","Z2W_BDME190025932",22.0659096684953
"diversity1667","Z2xia_BDME190025880",23.307587901387
"diversity1668","Z3jian_BDME190025993",23.0037594858837
"diversity1669","Z3tu_BDME190025992",23.5109529713048
"diversity1670","Z3xia_BDME190025994",23.2153970403239
"diversity1671","Z4jian_BDME190026001",23.2970696562709
"diversity1672","Z4tu_BDME190025879",23.0912550011252
"diversity1673","Z4xia_BDME190026002",22.9864537082914
"diversity1674","Z5jian_BDME190601154",22.9860661979556
"diversity1675","Z5tu_BDME190025995",23.3365475528469
"diversity1676","Z5W_BDME190025934",23.1603527814019
"diversity1677","Z5xia_BDME190025996",23.0877931468599
"diversity1678","MG_D1_T1",23.2903134698742
"diversity1679","MG_D1_T1_R2",23.4909945164925
"diversity1680","MG_D1_T1_R3",23.7928317853568
"diversity1681","MG_D1_T2",23.6916841018844
"diversity1682","MG_D1_T2_R2",23.399497849319
"diversity1683","MG_D1_T2_R3",22.9840565402303
"diversity1684","MG_D1_T3_R2",22.6176637253162
"diversity1685","MG_D1_T3_R3",23.783821246125
"diversity1686","MG_D1_T3_R5",23.7383130877565
"diversity1687","MG_D1_T4",23.2790671654692
"diversity1688","MG_D1_T4_R2",22.9233344045856
"diversity1689","MG_D1_T4_R3",23.0432553031369
"diversity1690","MG_D1_T5_R2",23.744146286546
"diversity1691","MG_D1_T5_R4",23.4961570915447
"diversity1692","MG_D1_T5_R5",23.3065769648097
"diversity1693","MG_D1_T6",22.8830673416544
"diversity1694","MG_D1_T6_R3",23.3797030594745
"diversity1695","MG_D1_T6_R4",23.5675543276436
"diversity1696","MG_D2_T1_R2",23.0507064830137
"diversity1697","MG_D2_T1_R3",23.177834232414
"diversity1698","MG_D2_T1_R5",23.0653719888582
"diversity1699","MG_D2_T2",22.8544235062689
"diversity1700","MG_D2_T2_R3",23.1153366595136
"diversity1701","MG_D2_T2_R4",23.0023529408134
"diversity1702","MG_D2_T3",23.379480515792
"diversity1703","MG_D2_T3_R2",22.9383092345673
"diversity1704","MG_D2_T3_R4",22.8677182171802
"diversity1705","MG_D2_T4_R2",23.1817741926634
"diversity1706","MG_D2_T4_R3",22.9963892789379
"diversity1707","MG_D2_T4_R5",23.3342443093264
"diversity1708","MG_D2_T5",23.1517710091347
"diversity1709","MG_D2_T5_R2",23.4536154168973
"diversity1710","MG_D2_T5_R3",23.0509368813654
"diversity1711","MG_D2_T6",23.1519075770269
"diversity1712","MG_D2_T6_R2",23.2745846057192
"diversity1713","MG_D2_T6_R4",23.1018130323165
"diversity1714","MG_D3_T1",23.059473846909
"diversity1715","MG_D3_T1_R2",22.8899679208537
"diversity1716","MG_D3_T1_R5",23.0510154539898
"diversity1717","MG_D3_T2",22.9439293823906
"diversity1718","MG_D3_T2_R4",22.7246335277959
"diversity1719","MG_D3_T2_R5",22.7827637632017
"diversity1720","MG_D3_T3",22.9108403480238
"diversity1721","MG_D3_T3_R2",23.7431300127289
"diversity1722","MG_D3_T3_R4",22.8282201570804
"diversity1723","MG_D3_T4",22.5985390596217
"diversity1724","MG_D3_T4_R2",23.6733541932812
"diversity1725","MG_D3_T4_R4",22.7054073245381
"diversity1726","MG_D3_T5",22.894023678312
"diversity1727","MG_D3_T5_R2",22.7355922778781
"diversity1728","MG_D3_T5_R3",23.3399883092977
"diversity1729","MG_D3_T6",23.1198080185202
"diversity1730","MG_D3_T6_R4",23.2167864503555
"diversity1731","MG_D3_T6_R5",23.2166558749731
"diversity1732","MG_D4_T1",22.9468841018567
"diversity1733","MG_D4_T1_R2",23.2509970571109
"diversity1734","MG_D4_T1_R3",23.1223201797035
"diversity1735","MG_D4_T2",23.0632480020522
"diversity1736","MG_D4_T2_R4",23.2440991031123
"diversity1737","MG_D4_T2_R5",23.0558906251462
"diversity1738","MG_D4_T3_R2",22.969911232324
"diversity1739","MG_D4_T3_R3",22.7542273878822
"diversity1740","MG_D4_T3_R5",22.9820091430538
"diversity1741","MG_D4_T4",22.8828772441873
"diversity1742","MG_D4_T4_R2",23.6585837988287
"diversity1743","MG_D4_T4_R5",23.4274311705243
"diversity1744","MG_D4_T5",22.9709662733914
"diversity1745","MG_D4_T5_R2",22.853895958025
"diversity1746","MG_D4_T5_R3",23.3432346301911
"diversity1747","MG_D4_T6",22.7924110846596
"diversity1748","MG_D4_T6_R4",23.0115324573125
"diversity1749","MG_D4_T6_R5",22.8340501970684
"diversity1750","rice1",23.5700631603603
"diversity1751","rice100",23.6696008097592
"diversity1752","rice101",23.5319331762088
"diversity1753","rice102",23.5128727647117
"diversity1754","rice103",23.5812636162463
"diversity1755","rice104",23.7455234852976
"diversity1756","rice105",23.6787938788189
"diversity1757","rice121",23.7470157344964
"diversity1758","rice122",23.8291118972293
"diversity1759","rice123",23.6242838409154
"diversity1760","rice124",23.9688358298069
"diversity1761","rice125",23.7180128383998
"diversity1762","rice126",23.7566810718759
"diversity1763","rice127",23.752909859893
"diversity1764","rice128",23.909581097706
"diversity1765","rice129",23.7729714097369
"diversity1766","rice130",23.7538092773509
"diversity1767","rice131",23.8535730525615
"diversity1768","rice132",23.8253016990907
"diversity1769","rice133",23.0225075350115
"diversity1770","rice134",23.8448076924933
"diversity1771","rice135",23.5572982178449
"diversity1772","rice136",23.8324880422932
"diversity1773","rice137",23.6821305826538
"diversity1774","rice138",23.6621702688236
"diversity1775","rice139",23.3097085263188
"diversity1776","rice140",23.9173208350009
"diversity1777","rice17",23.7778413762156
"diversity1778","rice18",23.7510232417796
"diversity1779","rice19",23.9117758655475
"diversity1780","rice2",23.7663758205209
"diversity1781","rice20",23.7160326451757
"diversity1782","rice21",23.6821267235448
"diversity1783","rice23",23.7469629566697
"diversity1784","rice24",23.8319399747868
"diversity1785","rice25",23.7320380127604
"diversity1786","rice26",23.6450698233663
"diversity1787","rice27",23.7403337158004
"diversity1788","rice3",23.8959849455493
"diversity1789","rice39",23.8884427426368
"diversity1790","rice4",23.7944652765619
"diversity1791","rice40",23.7993686958643
"diversity1792","rice41",23.8377155185182
"diversity1793","rice42",23.8041328340262
"diversity1794","rice43",23.6991853743134
"diversity1795","rice5",23.6227741952809
"diversity1796","rice96",23.5877424661905
"diversity1797","rice97",23.6436090318284
"diversity1798","rice98",23.7470899291506
"diversity1799","rice99",23.7237865225348
